clube_id;clube;lat;lon;score;cluster
BOTAFOGO/sao_paulo;Botafogo;-20.4302;-47.8236;0.0040428906347017525;0
LONDRINA/parana;Londrina;-23.304;-51.1691;0.003746851933355181;0
VOLTA REDONDA/rio_de_janeiro;Volta Redonda;-22.5202;-44.0996;0.0037120688940116887;0
ABC/rio_grande_do_norte;Abc;-5.7945;-35.2119;0.003704859133105362;1
CONFIANÇA/sergipe;Confiança;-10.9091;-37.0677;0.003637034306389051;1
ITUANO/sao_paulo;Ituano;-23.2544;-47.2927;0.003574147614584941;0
TOMBENSE/minas_gerais;Tombense;-20.9086;-42.0228;0.003550825947573315;0
AMAZONAS/amazonas;Amazonas;-3.11866;-60.0212;0.0034799504344874767;2
BRASILIENSE/distrito_federal;Brasiliense;-15.8333;-48.0569;0.0034517549690828092;0
SÃO BERNARDO/sao_paulo;São Bernardo;-23.6914;-46.5646;0.003295435733847135;0
FIGUEIRENSE/santa_catarina;Figueirense;-27.5945;-48.5477;0.0032253488350467165;0
YPIRANGA/rio_grande_do_sul;Ypiranga;-27.6364;-52.2697;0.003073438600535385;0
AMÉRICA/rio_grande_do_norte;América;-5.79357;-35.1986;0.0030505174092406518;1
SÃO JOSÉ/rio_grande_do_sul;São José;-30.0318;-51.2065;0.0030043031907027624;0
MANAUS/amazonas;Manaus;-3.11866;-60.0212;0.0029533129381487857;2
FERROVIÁRIA/sao_paulo;Ferroviária;-22.8837;-48.4437;0.0029416406389744993;0
BOTAFOGO/paraiba;Botafogo;-7.11509;-34.8641;0.0029295921000792157;1
RETRÔ/pernambuco;Retrô;-8.02351;-34.9782;0.00279671809966479;1
FERROVIÁRIO/ceara;Ferroviário;-6.12291;-39.8736;0.0027933078655836556;1
GRÊMIO NOVORIZONTINO/sao_paulo;Grêmio Novorizontino;-21.4681;-49.2211;0.002784909560225435;0
NOVA IGUAÇU/rio_de_janeiro;Nova Iguaçu;-22.7556;-43.4603;0.002774549402121175;0
CAXIAS/rio_grande_do_sul;Caxias;-29.1629;-51.1792;0.0026549370888003633;0
ALTOS/piaui;Altos;-5.03888;-42.4612;0.002612327261781846;1
MARINGÁ/parana;Maringá;-23.4205;-51.9333;0.002578842359205984;0
APARECIDENSE/goias;Aparecidense;-16.8198;-49.2469;0.0024971386396225636;0
TOCANTINÓPOLIS/tocantins;Tocantinópolis;-6.32447;-47.4224;0.002481372919783465;2
SANTA CRUZ/pernambuco;Santa Cruz;-8.04666;-34.8771;0.0024487430585053366;1
OPERÁRIO/mato_grosso_do_sul;Operário;-20.4697;-54.6201;0.002338257150985212;0
PORTUGUESA/rio_de_janeiro;Portuguesa;-22.9129;-43.2003;0.002237607803111858;0
CEILÂNDIA/distrito_federal;Ceilândia;-15.8208;-48.1122;0.00220724659270526;0
FLORESTA/ceara;Floresta;-3.71664;-38.5423;0.0022026285183247116;1
BRASIL/rio_grande_do_sul;Brasil;-29.2227;-51.3419;0.0021943704389579075;0
ATHLETIC/minas_gerais;Athletic;-21.1356;-44.2611;0.0021936093993989683;0
CASCAVEL/parana;Cascavel;-24.9573;-53.459;0.002141305571581267;0
NOVORIZONTINO/sao_paulo;Novorizontino;-21.4681;-49.2211;0.0021272065613656965;0
SOUSA/paraiba;Sousa;-6.75148;-38.2311;0.0021248619170207207;1
SÃO RAIMUNDO/roraima;São Raimundo;2.82384;-60.6753;0.002070087331700078;2
SERGIPE/sergipe;Sergipe;-10.9091;-37.0677;0.0020264922369049813;1
REAL NOROESTE/espirito_santo;Real Noroeste;-18.9846;-40.7437;0.0019614613898254383;0
ANÁPOLIS/goias;Anápolis;-16.3281;-48.953;0.0019536576766654443;0
DEMOCRATA/minas_gerais;Democrata;-18.8545;-41.9555;0.0019300879788710552;0
ITABAIANA/sergipe;Itabaiana;-10.6853;-37.4253;0.0019098788170711536;1
COSTA RICA/mato_grosso_do_sul;Costa Rica;-18.5432;-53.1287;0.0018405619094225348;0
PARANÁ/parana;Paraná;-24.0463;-52.378;0.0018043252596468143;0
ASA/alagoas;Asa;-9.75487;-36.6615;0.001793830619478772;1
JUAZEIRENSE/bahia;Juazeirense;-9.41622;-40.5033;0.001750824283447179;1
JACUIPENSE/bahia;Jacuipense;-11.8067;-39.3818;0.0017477150264343744;1
CAMPINENSE/paraiba;Campinense;-7.22196;-35.8731;0.0017348897926868956;1
TUNA LUSO/para;Tuna Luso;-1.4554;-48.4898;0.0016942886399057002;2
RIO BRANCO/espirito_santo;Rio Branco;-20.3155;-40.3128;0.0016942324063227944;0
TREZE/paraiba;Treze;-7.22196;-35.8731;0.0016749139717173508;1
BAHIA DE FEIRA/bahia;Bahia De Feira;-12.2664;-38.9663;0.0016700393822807922;1
GAMA/distrito_federal;Gama;-16.0183;-48.0667;0.0016691336618936193;0
OESTE/sao_paulo;Oeste;-21.5942;-48.8149;0.0016367434403168977;0
LAGARTO/sergipe;Lagarto;-10.9136;-37.6689;0.0016289734243975767;1
MARCÍLIO DIAS/santa_catarina;Marcílio Dias;-26.9101;-48.6705;0.0016286689294381755;0
MOTO CLUB/maranhao;Moto Club;-2.5307;-44.3068;0.0016186587936605431;1
MARANHÃO/maranhao;Maranhão;-4.22447;-44.7832;0.0015843612858110567;1
INTER DE LIMEIRA/sao_paulo;Inter De Limeira;-22.566;-47.397;0.001570058549326238;0
SÃO LUIZ/rio_grande_do_sul;São Luiz;-28.388;-53.92;0.0015476096700332647;0
JOINVILLE/santa_catarina;Joinville;-26.3045;-48.8487;0.0015421945248419657;0
VITÓRIA/espirito_santo;Vitória;-20.3155;-40.3128;0.001513753019297646;0
TREM/amapa;Trem;0.034934;-51.0694;0.0014964253776110724;2
POUSO ALEGRE/minas_gerais;Pouso Alegre;-22.2266;-45.9389;0.0014897197660467304;0
OLARIA/rio_de_janeiro;Olaria;-22.842143012;-43.26699613;0.0014535006704495441;0
RÍVER/piaui;Ríver;-5.09194;-42.8034;0.0014412037200732203;1
FLUMINENSE/piaui;Fluminense;-5.09194;-42.8034;0.001439643947125192;1
MANAUARA/amazonas;Manauara;-3.11866;-60.0212;0.0014163437175831728;2
ATLÉTICO/bahia;Atlético;-12.1335;-38.4208;0.001411454918669459;1
GRÊMIO PRUDENTE/sao_paulo;Grêmio Prudente;-22.1207;-51.3925;0.0014022931889899996;0
IGUATU/ceara;Iguatu;-6.36281;-39.2892;0.0014022300036167226;1
4 DE JULHO/piaui;4 De Julho;-4.27157;-41.7716;0.0013887986517974536;1
RIO BRANCO/sao_paulo;Rio Branco;-22.7374;-47.3331;0.0013811173632273213;0
MARICÁ/rio_de_janeiro;Maricá;-22.9354;-42.8246;0.0013803926900870878;0
PORTUGUESA/sao_paulo;Portuguesa;-23.5329;-46.6395;0.0013765291961623373;0
BARRA/santa_catarina;Barra;-26.9922;-48.6353;0.0013619129445367167;0
DOURADOS/mato_grosso_do_sul;Dourados;-22.4136;-54.2335;0.001354846375836622;0
CAPITAL CF/distrito_federal;Capital Cf;-15.8222;-47.9781;0.0013295723182223877;0
CIANORTE/parana;Cianorte;-23.6599;-52.6054;0.001329229170806421;0
CAMBORIÚ/santa_catarina;Camboriú;-27.0241;-48.6503;0.0013161865223235102;0
SAMPAIO CORRÊA/rio_de_janeiro;Sampaio Corrêa;-22.9129;-43.2003;0.0013143390227890758;0
AIMORÉ/rio_grande_do_sul;Aimoré;-29.7545;-51.1498;0.0013051362820177034;0
DUQUE DE CAXIAS/rio_de_janeiro;Duque De Caxias;-22.7858;-43.3049;0.0013007419611642695;0
XV DE PIRACICABA/sao_paulo;Xv De Piracicaba;-22.7338;-47.6476;0.0012989003982193307;0
SANTO ANDRÉ/sao_paulo;Santo André;-23.6737;-46.5432;0.0012978808526311447;0
PARNAHYBA/piaui;Parnahyba;-2.90585;-41.7754;0.0012812306997234716;1
NOVA MUTUM/mato_grosso;Nova Mutum;-13.8344;-56.0728;0.0012747324045686585;2
GRAMADENSE/rio_grande_do_sul;Gramadense;-29.3791;-50.8764;0.0012717448414594685;0
GRÊMIO SÃO-CARLENSE/sao_paulo;Grêmio São-Carlense;-22.0174;-47.886;0.001271012370725212;0
NOVO HAMBURGO/rio_grande_do_sul;Novo Hamburgo;-29.6875;-51.1328;0.0012657841659043784;0
UBERLÂNDIA/minas_gerais;Uberlândia;-18.9141;-48.2749;0.0012638737525846244;0
BETIM FUTEBOL/minas_gerais;Betim Futebol;-19.9668;-44.2008;0.0012610496890170673;0
MIXTO/mato_grosso;Mixto;-15.601;-56.0974;0.0012560204845007657;0
XV DE JAÚ/sao_paulo;Xv De Jaú;-22.2936;-48.5592;0.0012556038681592703;0
HERCÍLIO LUZ/santa_catarina;Hercílio Luz;-28.4713;-49.0144;0.001249288128458657;0
NOVA VENÉCIA/espirito_santo;Nova Venécia;-18.715;-40.4053;0.0012433894017197004;0
ÁGUA SANTA/sao_paulo;Água Santa;-23.6813;-46.6205;0.00123764375451944;0
CAPITAL/tocantins;Capital;-10.1844;-48.3336;0.0012364581226745586;2
CENTRAL/pernambuco;Central;-8.28455;-35.9699;0.0012360067895959782;1
BELFORD ROXO/rio_de_janeiro;Belford Roxo;-22.764;-43.3992;0.001234443033758022;0
AMERICA/rio_de_janeiro;America;-22.9129;-43.2003;0.0012339433005037995;0
SÃO BENTO/sao_paulo;São Bento;-23.4969;-47.4451;0.0012222928167484233;0
CASTANHAL/para;Castanhal;-1.29797;-47.9167;0.0012179083782513994;2
AUDAX RIO/rio_de_janeiro;Audax Rio;-22.8058;-43.3729;0.001207079607563254;0
SÃO JOSÉ/sao_paulo;São José;-23.1896;-45.8841;0.0012068331932114042;0
URT/minas_gerais;Urt;-18.5853;-46.5181;0.0012059125455232262;0
ÁGUIA NEGRA/mato_grosso_do_sul;Águia Negra;-21.8033;-54.5427;0.001203573890246462;0
AMERICANO/rio_de_janeiro;Americano;-21.7622;-41.3181;0.001203151182860387;0
REAL BRASÍLIA/distrito_federal;Real Brasília;-15.7795;-47.9297;0.001193761816128168;0
MARACANÃ/ceara;Maracanã;-3.86699;-38.6259;0.001188512226328177;1
PADUANO/rio_de_janeiro;Paduano;-22.9129;-43.2003;0.0011875341851859942;0
INTERPORTO/tocantins;Interporto;-10.7027;-48.408;0.001187133505557274;2
GLOBO/rio_grande_do_norte;Globo;-5.64323;-35.4247;0.0011864265535585974;1
TAQUARITINGA/sao_paulo;Taquaritinga;-21.4049;-48.5103;0.0011825386135852496;0
OPERÁRIO FERROVIÁRIO/parana;Operário Ferroviário;-25.0916;-50.1668;0.0011781851752285762;0
CEOV OPERÁRIO/mato_grosso;Ceov Operário;-15.65;-56.1325;0.001175919302277712;0
LUVERDENSE/mato_grosso;Luverdense;-13.0588;-55.9042;0.0011669855614398154;2
PÉROLAS NEGRAS/rio_de_janeiro;Pérolas Negras;-22.6289;-43.8972;0.001160229459033463;0
SERRA/espirito_santo;Serra;-20.121;-40.3074;0.0011582964906635266;0
ICASA/ceara;Icasa;-7.19621;-39.3076;0.0011566784089083165;1
IMPERATRIZ/maranhao;Imperatriz;-5.51847;-47.4777;0.0011437373483458271;2
AQUIDAUANENSE/mato_grosso_do_sul;Aquidauanense;-20.4666;-55.7868;0.0011398968418612127;0
RESENDE/rio_de_janeiro;Resende;-22.4705;-44.4509;0.0011348478552273191;0
SERRANO/rio_de_janeiro;Serrano;-22.52;-43.1926;0.0011294521456251907;0
BOAVISTA/rio_de_janeiro;Boavista;-22.9292;-42.5099;0.0011279235108187036;0
CAUCAIA/ceara;Caucaia;-3.72797;-38.6619;0.0011255574570259493;1
CALDENSE/minas_gerais;Caldense;-21.78;-46.5692;0.0011200827443830993;0
CABOFRIENSE/rio_de_janeiro;Cabofriense;-22.8894;-42.0286;0.0011166969098404525;0
BELA VISTA/tocantins;Bela Vista;-6.1219;-47.9211;0.0011135512713906133;2
NACIONAL/amazonas;Nacional;-3.11866;-60.0212;0.0011113281456736424;2
HUMAITÁ/acre;Humaitá;-9.58138;-67.5478;0.0011090313214040884;2
UNIÃO RONDONÓPOLIS/mato_grosso;União Rondonópolis;-16.4673;-54.6372;0.001108326268932186;0
ANAPOLINA/goias;Anapolina;-16.3281;-48.953;0.0011055824687796866;0
RIO BRANCO/acre;Rio Branco;-9.974;-67.8076;0.0010995165664787867;2
ALECRIM/rio_grande_do_norte;Alecrim;-5.79357;-35.1986;0.0010862888454212455;1
PORTO VITÓRIA/espirito_santo;Porto Vitória;-20.3155;-40.3128;0.0010789185150854915;0
CATANDUVA/sao_paulo;Catanduva;-21.1314;-48.977;0.0010752615650394264;0
UNIVASSOURAS ARTSUL/rio_de_janeiro;Univassouras Artsul;-22.7556;-43.4603;0.0010742619779999965;0
GRÊMIO ANÁPOLIS/goias;Grêmio Anápolis;-16.3281;-48.953;0.0010669240563573156;0
FALCON/sergipe;Falcon;-10.9091;-37.0677;0.001065639154403423;1
BANGU/rio_de_janeiro;Bangu;-22.9129;-43.2003;0.0010647581145276138;0
GOIANÉSIA/goias;Goianésia;-15.3118;-49.1162;0.001057165816822888;0
VOCEM/sao_paulo;Vocem;-22.6622;-50.4181;0.001055478074780131;0
BARRA/sergipe;Barra;-10.91;-37.0317;0.0010540345573266134;1
CRUZEIRO/rio_grande_do_sul;Cruzeiro;-29.95;-51.0833;0.0010468709011752888;0
SÃO BORJA/rio_grande_do_sul;São Borja;-28.6578;-56.0036;0.0010437134026557407;0
CRAC/goias;Crac;-18.1658;-47.9461;0.0010426706144050627;0
PETROLINA/pernambuco;Petrolina;-9.38866;-40.5027;0.001042085154036952;1
IPORÁ/goias;Iporá;-16.4398;-51.118;0.0010351161782560646;0
NOROESTE/sao_paulo;Noroeste;-22.3246;-49.0871;0.0010327872919738642;0
IPATINGA/minas_gerais;Ipatinga;-19.4703;-42.5476;0.0010310148400319396;0
FRANCANA/sao_paulo;Francana;-20.5352;-47.4039;0.001028607766609234;0
CSE/alagoas;Cse;-9.40568;-36.6328;0.0010278359298280322;1
RIO BRANCO DE VENDA NOVA/espirito_santo;Rio Branco De Venda Nova;-20.327;-41.1355;0.0010211089371922348;0
PACAJUS/ceara;Pacajus;-4.17107;-38.465;0.0010207045541293083;1
POTIGUAR/rio_grande_do_norte;Potiguar;-5.18374;-37.3474;0.0010200795533113905;1
MARÍLIA/sao_paulo;Marília;-22.2171;-49.9501;0.0010186604095281486;0
CAMETÁ/para;Cametá;-2.24295;-49.4979;0.001013908563571134;2
MONTE AZUL/sao_paulo;Monte Azul;-20.9065;-48.6387;0.0010060872289804654;0
VELO CLUBE/sao_paulo;Velo Clube;-22.4114;-47.5614;0.0010007360468211519;0
COMERCIAL/mato_grosso_do_sul;Comercial;-20.7849;-51.7007;0.001000124055768575;0
OLÍMPICO/sergipe;Olímpico;-11.2693;-37.7875;0.0009943008252477695;1
MAMORÉ/minas_gerais;Mamoré;-18.5699;-46.5013;0.0009942170127268564;0
FLAMENGO/sao_paulo;Flamengo;-23.4538;-46.5333;0.000993429796585061;0
PAULISTA/sao_paulo;Paulista;-23.1852;-46.8974;0.0009916856993811242;0
CENTRO OESTE/goias;Centro Oeste;-15.9333;-50.14;0.0009881951118381603;0
AYMORÉS/minas_gerais;Aymorés;-21.1206;-42.9422;0.0009811981527603967;0
MACAPÁ/amapa;Macapá;0.034934;-51.0694;0.000980201891897307;2
PARAGOMINAS/para;Paragominas;-3.00212;-47.3527;0.0009790907118782095;2
CA VOTUPORANGUENSE/sao_paulo;Ca Votuporanguense;-20.4222;-49.9725;0.0009773707840596679;0
PALMAS/tocantins;Palmas;-10.1844;-48.3336;0.000974828283144245;2
MONSOON/rio_grande_do_sul;Monsoon;-29.75;-50.0167;0.0009731533762723244;0
BRAGANTINO/para;Bragantino;-1.06126;-46.7826;0.0009722083285549322;2
BONSUCESSO/rio_de_janeiro;Bonsucesso;-22.9129;-43.2003;0.0009705265640226931;0
BOA ESPORTE/minas_gerais;Boa Esporte;-21.5556;-45.4364;0.0009701930879450559;0
CAPIVARIANO/sao_paulo;Capivariano;-22.9951;-47.5071;0.0009687061326111568;0
UNIÃO BARBARENSE/sao_paulo;União Barbarense;-23.5208;-46.1854;0.0009589327174555447;0
AGUIA DE MARABA/para;Aguia De Maraba;-5.38075;-49.1327;0.0009542912189041044;2
NACIONAL/sao_paulo;Nacional;-23.5329;-46.6395;0.000950256575526468;0
PENAPOLENSE/sao_paulo;Penapolense;-21.4148;-50.0769;0.000948372881603977;0
ITAPIRENSE/sao_paulo;Itapirense;-22.4357;-46.8224;0.0009453602657315169;0
INDEPENDENTE DE LIMEIRA/sao_paulo;Independente De Limeira;-22.566;-47.397;0.0009432701632682072;0
JI-PARANÁ/rondonia;Ji-Paraná;-10.8777;-61.9322;0.000942912606768345;2
GUARANI V. AIRES/rio_grande_do_sul;Guarani V. Aires;-29.6103;-52.1906;0.0009412850232531432;0
MURICI/alagoas;Murici;-9.30682;-35.9428;0.0009386375818578988;1
REAL ARIQUEMES/rondonia;Real Ariquemes;-9.90571;-63.0325;0.0009380076554786519;2
GOYTACAZ/rio_de_janeiro;Goytacaz;-21.7622;-41.3181;0.0009353654101475111;0
DESPORTIVA FERROVIÁRIA/espirito_santo;Desportiva Ferroviária;-20.3375;-40.3847;0.0009352862866238586;0
GOIÂNIA/goias;Goiânia;-16.6864;-49.2643;0.0009332656893979444;0
TUPYNAMBÁS/minas_gerais;Tupynambás;-21.7595;-43.3398;0.000931477565580546;0
SÃO RAIMUNDO/para;São Raimundo;-2.43849;-54.6996;0.0009309083911812965;2
SANTOS/amapa;Santos;0.034934;-51.0694;0.0009303371429007293;2
CANAÃ/para;Canaã;-6.495;-49.8731;0.0009266532689157831;2
INHUMAS/goias;Inhumas;-16.3611;-49.5001;0.0009265448273933152;0
MAUÁ/sao_paulo;Mauá;-23.6678;-46.4614;0.0009264662437140566;0
SANTA CRUZ DE NATAL/rio_grande_do_norte;Santa Cruz De Natal;-6.22475;-36.0193;0.0009240052019565488;1
GALVEZ/acre;Galvez;-9.974;-67.8076;0.0009189345623347853;2
VILLA NOVA/minas_gerais;Villa Nova;-19.9758;-43.8509;0.0009167479824945625;0
AZURIZ FUTEBOL/parana;Azuriz Futebol;-26.2292;-52.6706;0.0009164423606346051;0
JUVENTUS/sao_paulo;Juventus;-23.5329;-46.6395;0.0009154268084457058;0
RIO CLARO/sao_paulo;Rio Claro;-22.4114;-47.5614;0.0009148388429386992;0
GAZIN PORTO VELHO/rondonia;Gazin Porto Velho;-8.76077;-63.8999;0.0009135194335924258;2
ÁGUIA/para;Águia;-5.38075;-49.1327;0.0009123191248794096;2
PRIMAVERA/sao_paulo;Primavera;-23.0816;-47.2101;0.0009098255933404348;0
ITABUNA/bahia;Itabuna;-14.7876;-39.2781;0.0009091985121529599;1
GOIATUBA/goias;Goiatuba;-18.0105;-49.3658;0.0009084835835799781;0
UNI SOUZA/rio_de_janeiro;Uni Souza;-22.8669;-43.3458;0.0009058781745621988;0
GONÇALENSE/rio_de_janeiro;Gonçalense;-22.5047;-43.1814;0.0009032161849025271;0
AFOGADOS DA INGAZEIRA/pernambuco;Afogados Da Ingazeira;-7.74312;-37.631;0.0009018595327010476;1
DESPORTIVO BRASIL/sao_paulo;Desportivo Brasil;-23.2093;-47.5251;0.0009017182211400628;0
NORTH ESPORTE CLUBE/minas_gerais;North Esporte Clube;-16.7244;-43.8617;0.0008958969819870442;0
TRINDADE/goias;Trindade;-16.6517;-49.4927;0.0008936257661115597;0
NACIONAL ATL. MURIAÉ/minas_gerais;Nacional Atl. Muriaé;-21.13;-42.3693;0.0008928065655105548;0
CRUZEIRO/alagoas;Cruzeiro;-9.75164;-36.6604;0.0008909121411560971;1
GUARANY/sergipe;Guarany;-9.91626;-37.2842;0.0008880477018278816;1
INDEPENDENTE/amapa;Independente;-0.0583;-51.1817;0.0008863719410593362;2
TAUBATÉ/sao_paulo;Taubaté;-23.0104;-45.5593;0.000880847561186916;0
GURUPI/tocantins;Gurupi;-11.7279;-49.068;0.0008791954522349497;2
PRINCESA/amazonas;Princesa;-3.29066;-60.6216;0.0008777100266332608;2
UNIÃO ATLÉTICO/tocantins;União Atlético;-7.1925;-48.2078;0.0008758481995066434;2
VASCO/rio_de_janeiro;Vasco;-22.9129;-43.2003;0.0008740958321899271;0
SÃO RAIMUNDO/amazonas;São Raimundo;-3.11866;-60.0212;0.0008716266339812574;2
FRIBURGUENSE/rio_de_janeiro;Friburguense;-22.2932;-42.5377;0.0008714456824719697;0
VARGINHA/minas_gerais;Varginha;-21.5597;-45.4389;0.0008711092151266857;0
CAMPO GRANDE/rio_de_janeiro;Campo Grande;-22.9129;-43.2003;0.0008690852657881077;0
SALGUEIRO/pernambuco;Salgueiro;-8.07373;-39.1247;0.0008667095336529425;1
UNIÃO SUZANO/sao_paulo;União Suzano;-23.5208;-46.1854;0.0008651946125194447;0
INTER DE BEBEDOURO/sao_paulo;Inter De Bebedouro;-20.9491;-48.4791;0.00086275639189206;0
UBERABA/minas_gerais;Uberaba;-19.7472;-47.9381;0.0008622924205017723;0
PORTUGUESA SANTISTA/sao_paulo;Portuguesa Santista;-23.5329;-46.6395;0.0008620637169657225;0
SÃO GONÇALO/rio_de_janeiro;São Gonçalo;-22.8268;-43.0634;0.0008617842106318218;0
REAL SPORT CLUB/rio_grande_do_sul;Real Sport Club;-29.7642;-50.0282;0.0008605885770988162;0
GE BRASIL/rio_grande_do_sul;Ge Brasil;-29.2227;-51.3419;0.0008572478577497918;0
RIO GRANDE/rio_grande_do_sul;Rio Grande;-32.0349;-52.1071;0.0008571741940565709;0
ATLÉTICO GLORIENSE/sergipe;Atlético Gloriense;-10.1172;-37.4528;0.0008563637731729798;1
AMÉRICA/sergipe;América;-10.2138;-36.8442;0.000855626326056647;1
SÃO FRANCISCO/para;São Francisco;-2.43849;-54.6996;0.000854227872219505;2
PARANOÁ/distrito_federal;Paranoá;-15.7744;-47.7817;0.0008519995078517505;0
GUANABARA CITY/goias;Guanabara City;-16.6864;-49.2643;0.0008519460988143466;0
ITABIRITO/minas_gerais;Itabirito;-20.2528;-43.8053;0.0008519443856980842;0
ZUMBI/alagoas;Zumbi;-9.15921;-36.0223;0.0008516114241134074;1
AMAZÔNIA INDEPENDENTE/para;Amazônia Independente;-2.63609;-54.9374;0.0008494149837162392;2
BANDEIRANTE/sao_paulo;Bandeirante;-21.291;-50.3432;0.0008470232415159855;0
NACIONAL/paraiba;Nacional;-6.98731;-34.8284;0.0008459959902614981;1
LINENSE/sao_paulo;Linense;-21.6718;-49.7526;0.0008398796771375015;0
BARCELONA DE ILHÉUS/bahia;Barcelona De Ilhéus;-14.7935;-39.0331;0.0008316527548176547;1
JEQUIÉ/bahia;Jequié;-13.8583;-40.0825;0.0008311673567098269;1
SKA BRASIL/sao_paulo;Ska Brasil;-23.4447;-46.9189;0.0008298844570060703;0
SÃO CAETANO/sao_paulo;São Caetano;-23.6229;-46.5548;0.0008291207633260831;0
HORIZONTE/ceara;Horizonte;-4.1025;-38.4875;0.000828759092517382;1
BARRETOS/sao_paulo;Barretos;-20.5531;-48.5698;0.0008281443620371384;0
BARRA DA TIJUCA/rio_de_janeiro;Barra Da Tijuca;-22.4165;-42.9752;0.000828012645980685;0
TIMON/piaui;Timon;-5.09769;-42.8329;0.0008263692935870059;1
ATLÉTICO/ceara;Atlético;-3.71664;-38.5423;0.0008259855892665911;1
CAETÉ/para;Caeté;-1.0536;-46.7656;0.0008233844139630623;2
RIO DE JANEIRO/rio_de_janeiro;Rio De Janeiro;-22.9129;-43.2003;0.0008214064464275973;0
GAÚCHO/rio_grande_do_sul;Gaúcho;-28.2576;-52.4091;0.0008209277357628083;0
CAPITÃO POÇO/para;Capitão Poço;-1.7456;-47.0575;0.0008199352199915952;2
IAPE/maranhao;Iape;-2.5307;-44.3068;0.0008193086737022206;1
YPIRANGA/amapa;Ypiranga;0.034934;-51.0694;0.0008187200533670204;2
NAVIRAIENSE/mato_grosso_do_sul;Naviraiense;-23.0618;-54.1995;0.0008165250595882457;0
FOZ DO IGUAÇU/parana;Foz Do Iguaçu;-26.2273;-51.0873;0.000815456696779944;0
COMERCIAL/sao_paulo;Comercial;-21.1699;-47.8099;0.0008083411225108843;0
FLUMINENSE DE FEIRA/bahia;Fluminense De Feira;-12.2664;-38.9663;0.0008048211429747259;1
JUVENTUDE/maranhao;Juventude;-4.0417;-44.4717;0.0008042347015699348;1
CARAPEBUS/rio_de_janeiro;Carapebus;-22.1821;-41.663;0.0008032490942478948;0
COIMBRA/minas_gerais;Coimbra;-19.9102;-43.9266;0.0008019944283993799;0
NAÇÃO/santa_catarina;Nação;-26.3045;-48.8487;0.000801922166838839;0
VITÓRIA DAS TABOCAS/pernambuco;Vitória Das Tabocas;-8.1136;-35.2956;0.0008014768894724253;1
MINEIROS/goias;Mineiros;-17.5654;-52.5537;0.0008003507794221388;0
MADUREIRA/rio_de_janeiro;Madureira;-22.9129;-43.2003;0.0007997570628567845;0
CORURIPE/alagoas;Coruripe;-10.1276;-36.1717;0.000799393601737393;1
CONCÓRDIA/santa_catarina;Concórdia;-27.2335;-52.026;0.0007975224853392453;0
GUARANI/minas_gerais;Guarani;-20.1446;-44.8912;0.0007970044541556374;0
UNIÃO CACOALENSE/rondonia;União Cacoalense;-11.4343;-61.4562;0.0007940553786814074;2
ITAPIPOCA/ceara;Itapipoca;-3.49933;-39.5836;0.0007929634302335917;1
SANTA ROSA/para;Santa Rosa;-1.4554;-48.4898;0.0007929227759592548;2
LAGUNA/rio_grande_do_norte;Laguna;-6.2344;-35.0911;0.0007881939255703717;1
DORENSE/sergipe;Dorense;-10.4854;-37.1963;0.0007865169039196778;1
GAS/roraima;Gas;2.8233;-60.675;0.0007834267466984764;2
CRATO/ceara;Crato;-7.2153;-39.4103;0.0007833434843200548;1
MARANGUAPE/ceara;Maranguape;-3.89143;-38.6829;0.0007830559030606382;1
PICOS/piaui;Picos;-7.07721;-41.467;0.0007763037112474524;1
VITÓRIA DA CONQUISTA/bahia;Vitória Da Conquista;-12.9718;-38.5011;0.0007753463403321881;1
SANTA HELENA/goias;Santa Helena;-17.8115;-50.5977;0.0007736818356603158;0
COLORADO CAIEIRAS/sao_paulo;Colorado Caieiras;-23.3639;-46.7411;0.0007724526960348518;0
CARLOS RENAUX/santa_catarina;Carlos Renaux;-27.0977;-48.9107;0.0007723894670025244;0
SERC/mato_grosso_do_sul;Serc;-18.7836;-52.6178;0.000771108539370151;0
ATLÉTICO/paraiba;Atlético;-6.59138;-37.6185;0.0007707307223252334;1
VERA CRUZ/pernambuco;Vera Cruz;-8.12819;-35.2976;0.0007698205424366581;1
NACIONAL/parana;Nacional;-25.4195;-49.2646;0.0007683371330468301;0
AMÉRICA/goias;América;-17.7334;-49.1059;0.000767846122427608;0
UNIÃO DE RONDONÓPOLIS/mato_grosso;União De Rondonópolis;-16.4673;-54.6372;0.000765965476613508;0
FAST CLUBE/amazonas;Fast Clube;-3.119;-60.0217;0.000765127338313791;2
SERRA MACAENSE/rio_de_janeiro;Serra Macaense;-22.3768;-41.7848;0.0007648766438649604;0
GRÊMIO MAUAENSE/sao_paulo;Grêmio Mauaense;-23.6677;-46.4613;0.0007640188711359332;0
SÃO PAULO CRYSTAL/paraiba;São Paulo Crystal;-7.1517;-35.0847;0.0007587679021529965;1
SÃO PAULO/rio_grande_do_sul;São Paulo;-32.0349;-52.1071;0.000752599114048132;0
SANTA CATARINA/santa_catarina;Santa Catarina;-27.2156;-49.643;0.0007524104674190895;0
ANDRAUS/parana;Andraus;-25.4578;-49.5297;0.0007521009447496205;0
DOM BOSCO/mato_grosso;Dom Bosco;-15.601;-56.0974;0.0007517220244777346;0
SERTÃOZINHO/sao_paulo;Sertãozinho;-21.1316;-47.9875;0.000751103256403464;0
BELA VISTA/goias;Bela Vista;-16.9733;-48.9525;0.000750578588745427;0
FREI PAULISTANO/sergipe;Frei Paulistano;-10.5513;-37.5279;0.0007504319717845685;1
SANTA CRUZ/rio_grande_do_sul;Santa Cruz;-29.722;-52.4343;0.0007492989182715989;0
UNIÃO SÃO JOÃO/sao_paulo;União São João;-22.3572;-47.3842;0.0007492686643115922;0
TUPI/minas_gerais;Tupi;-21.7595;-43.3398;0.0007447730436025388;0
ATLÉTICO CEARENSE/ceara;Atlético Cearense;-3.71664;-38.5423;0.0007447255070539858;1
PARAUAPEBAS/para;Parauapebas;-6.06781;-49.9037;0.0007441867854349385;2
PARINTINS/amazonas;Parintins;-2.6283;-56.7358;0.0007422296084150965;2
AMÉRICA T.O/minas_gerais;América T.O;-19.9102;-43.9266;0.0007418530122530913;0
MACAÉ/rio_de_janeiro;Macaé;-22.3768;-41.7848;0.0007416975250646402;0
ZINZA/rio_de_janeiro;Zinza;-22.9129;-43.2003;0.0007415561057020883;0
VALERIODOCE/minas_gerais;Valeriodoce;-19.6239;-43.2312;0.0007363497748823531;0
JOSEENSE/sao_paulo;Joseense;-23.3053;-45.9658;0.0007355963443542015;0
PARANAVAÍ/parana;Paranavaí;-23.0816;-52.4617;0.0007332924897322728;0
JUVENTUS JARAGUÁ/santa_catarina;Juventus Jaraguá;-26.4851;-49.0713;0.0007317663365158458;0
SÃO CRISTÓVÃO/rio_de_janeiro;São Cristóvão;-22.9129;-43.2003;0.0007301123520456706;0
OSASCO AUDAX/sao_paulo;Osasco Audax;-23.5324;-46.7916;0.0007255886786679294;0
RIO BRANCO/parana;Rio Branco;-25.5161;-48.5225;0.0007247621199163403;0
OPERÁRIO/mato_grosso;Operário;-15.65;-56.1325;0.0007239035968124998;0
SÃO JOSEENSE/parana;São Joseense;-25.5347;-49.2064;0.0007209907163998734;0
SERRA BRANCA/paraiba;Serra Branca;-6.88004;-38.5577;0.0007179990234484042;1
IVINHEMA/mato_grosso_do_sul;Ivinhema;-22.3046;-53.8184;0.0007169147102572088;0
PATRIOTAS/parana;Patriotas;-25.4195;-49.2646;0.0007163542695117478;0
ELITE CD/rio_grande_do_sul;Elite Cd;-32.0349;-52.1071;0.0007155788224477136;0
JABAQUARA/sao_paulo;Jabaquara;-23.9535;-46.335;0.0007146040748105898;0
TAGUATINGA/distrito_federal;Taguatinga;-15.8333;-48.0569;0.0007144273093788402;0
BATALHÃO/tocantins;Batalhão;-10.1844;-48.3336;0.0007091333030901856;2
PORTO VELHO ESPORTE CLUBE/rondonia;Porto Velho Esporte Clube;-8.76077;-63.8999;0.0007088081987797482;2
RIOGRANDENSE/rio_grande_do_sul;Riograndense;-29.6868;-53.8149;0.0007082140159686193;0
ABECAT OUVIDORENSE/goias;Abecat Ouvidorense;-18.2367;-47.8389;0.0007070350932233213;0
CAMPOS/rio_de_janeiro;Campos;-21.7622;-41.3181;0.000705952040101141;0
ASEEV/goias;Aseev;-16.8317;-49.5317;0.0007048307530280674;0
TUNTUM/maranhao;Tuntum;-5.25476;-44.6444;0.0007007461342236406;1
LUZIÂNIA/goias;Luziânia;-16.253;-47.95;0.0006982895553640873;0
ESTRELA DO NORTE/espirito_santo;Estrela Do Norte;-20.8462;-41.1198;0.0006982758509332411;0
ARAGUAÍNA/tocantins;Araguaína;-7.19238;-48.2044;0.0006950185897955071;2
IZABELENSE/para;Izabelense;-1.29686;-48.1606;0.0006929357807530163;2
TOCANTINS MIRACEMA/tocantins;Tocantins Miracema;-9.56556;-48.393;0.0006920189394519588;2
SAMAMBAIA/distrito_federal;Samambaia;-15.8778;-48.0833;0.0006919840547225608;0
JATAIENSE/goias;Jataiense;-17.8784;-51.7204;0.0006915552414456811;0
PINHEIRENSE/para;Pinheirense;-1.4554;-48.4898;0.0006885553998870194;2
ORATÓRIO/amapa;Oratório;-0.0383;-51.0632;0.0006885373181046208;2
MATONENSE/sao_paulo;Matonense;-21.6025;-48.364;0.0006880999779583915;0
ÍBIS/pernambuco;Íbis;-7.9408;-34.8722;0.0006877597020244516;1
PORTO/pernambuco;Porto;-8.28455;-35.9699;0.0006864771772613304;1
ATLÉTICO/acre;Atlético;-9.974;-67.8076;0.0006845834508379647;2
RIO PRETO/sao_paulo;Rio Preto;-20.8113;-49.3758;0.000681547310147902;0
INTER DE LAGES/santa_catarina;Inter De Lages;-27.815;-50.3259;0.0006813342142250903;0
TANABI/sao_paulo;Tanabi;-20.6228;-49.6563;0.0006801985923022183;0
CA PATROCINENSE/minas_gerais;Ca Patrocinense;-18.9379;-46.9934;0.0006769557352933612;0
BÚZIOS/rio_de_janeiro;Búzios;-22.7481;-41.8817;0.0006741407177073557;0
COLO COLO/bahia;Colo Colo;-14.793;-39.046;0.0006732533712082727;1
PELOTAS/rio_grande_do_sul;Pelotas;-31.7653;-52.3375;0.0006718159442372024;0
INDEPENDENTE TUCURUÍ/para;Independente Tucuruí;-3.7664;-49.6725;0.0006713244650897226;2
ESTANCIANO/sergipe;Estanciano;-11.2659;-37.4484;0.0006657091808168982;1
PINHEIRO/maranhao;Pinheiro;-2.52224;-45.0788;0.0006620450493691749;1
CORDINO/maranhao;Cordino;-5.49682;-45.2485;0.0006597837196582033;1
BARBALHA/ceara;Barbalha;-7.2982;-39.3021;0.000659297178594118;1
CONFIANÇA/paraiba;Confiança;-7.09359;-35.228;0.0006589680316345926;1
IGUAÇU/parana;Iguaçu;-26.2273;-51.0873;0.0006572501177224261;0
ABD/goias;Abd;-15.9333;-50.14;0.0006570476585644582;0
ARRAIAL DO CABO/rio_de_janeiro;Arraial Do Cabo;-22.8697;-42.3326;0.0006543119976328483;0
FUTEBOL COM VIDA/rio_grande_do_sul;Futebol Com Vida;-30.0822;-51.0189;0.0006535656035742397;0
INDEPENDÊNCIA/acre;Independência;-9.974;-67.8076;0.000652039164594817;2
NOVA CIDADE/rio_de_janeiro;Nova Cidade;-22.8057;-43.4233;0.0006494538882910834;0
VILAVELHENSE/espirito_santo;Vilavelhense;-20.3417;-40.2875;0.0006480584241402494;0
ATLÉTICO TUBARÃO/santa_catarina;Atlético Tubarão;-28.4713;-49.0144;0.0006474981448483354;0
BARAÚNAS/rio_grande_do_norte;Baraúnas;-5.18374;-37.3474;0.0006460768555691545;1
CEILANDENSE/distrito_federal;Ceilandense;-15.8208;-48.1122;0.0006448985582928917;0
CARAVAGGIO/santa_catarina;Caravaggio;-28.6364;-49.4978;0.0006424467275871484;0
AMÉRICA/sao_paulo;América;-20.8113;-49.3758;0.0006404733297932931;0
LARANJA MECÂNICA/parana;Laranja Mecânica;-23.4144;-51.4233;0.0006403169886132379;0
ATLÉTICO PARAENSE/para;Atlético Paraense;-1.36002;-48.3421;0.0006396627467250784;2
IMPÉRIO SERRANO/rio_de_janeiro;Império Serrano;-22.9129;-43.2003;0.0006394408538768966;0
CORUMBAENSE/mato_grosso_do_sul;Corumbaense;-19.0077;-57.651;0.0006383116630150082;0
PENAROL/amazonas;Penarol;-3.13861;-58.4449;0.0006381025470646828;2
CARIRI/ceara;Cariri;-7.2372;-39.4121;0.0006379787698039904;1
PARATY/rio_de_janeiro;Paraty;-23.2178;-44.7131;0.000637427714942852;0
7 DE ABRIL/rio_de_janeiro;7 De Abril;-22.9068;-43.1729;0.0006369945334303409;0
NITEROIENSE/rio_de_janeiro;Niteroiense;-22.8832;-43.1034;0.0006355510749486299;0
RIO VERDE/goias;Rio Verde;-17.7923;-50.9192;0.0006351310798288803;0
AZURIZ/parana;Azuriz;-26.2292;-52.6706;0.0006340359480953692;0
MANTHIQUEIRA/sao_paulo;Manthiqueira;-22.8075;-45.1938;0.00063096642746126;0
COXIM/mato_grosso_do_sul;Coxim;-18.5013;-54.751;0.0006300235733681057;0
MAGUARY/pernambuco;Maguary;-8.4719;-35.7272;0.0006275094006237715;1
TUPY/goias;Tupy;-15.8653;-50.8678;0.0006268095221989117;0
OEIRENSE/piaui;Oeirense;-7.0253;-42.1311;0.0006263991880998118;1
ESMAC/para;Esmac;-1.3653;-48.3725;0.0006261673604632144;2
ARAXÁ/minas_gerais;Araxá;-19.5902;-46.9438;0.0006246938154219231;0
PSTC/parana;Pstc;-23.1811;-50.6467;0.0006228018570144597;0
ARAÇATUBA/sao_paulo;Araçatuba;-21.2076;-50.4401;0.0006216374344308106;0
BAGÉ/rio_grande_do_sul;Bagé;-31.3297;-54.0999;0.0006199752470474229;0
GUARANY DE SOBRAL/ceara;Guarany De Sobral;-3.71664;-38.5423;0.0006198076240300686;1
ANGRA DOS REIS/rio_de_janeiro;Angra Dos Reis;-23.0011;-44.3196;0.0006191451607342752;0
GUAPORÉ/rondonia;Guaporé;-11.7271;-61.7714;0.0006180690175728398;2
GRAPIÚNA/bahia;Grapiúna;-14.7876;-39.2781;0.0006172195879898566;1
AUTO ESPORTE/paraiba;Auto Esporte;-7.11509;-34.8641;0.0006130073057495136;1
GUARANI DE JUAZEIRO/ceara;Guarani De Juazeiro;-7.19621;-39.3076;0.0006115346993686405;1
CAPIXABA/espirito_santo;Capixaba;-18.715;-40.4053;0.0006114541042857051;0
UNIÃO PARAENSE/para;União Paraense;-1.36002;-48.3421;0.0006100008814224726;2
OPERÁRIO/amazonas;Operário;-3.29066;-60.6216;0.0006095941286768171;2
ITZ SPORT/maranhao;Itz Sport;-5.5264;-47.4819;0.0006092855645480283;2
GUARANI/santa_catarina;Guarani;-27.6455;-48.6697;0.0006072588651426877;0
CAPITAL/distrito_federal;Capital;-15.8222;-47.9781;0.0006060566968851571;0
SÃO FRANCISCO/acre;São Francisco;-9.974;-67.8076;0.0006054231637337458;2
BARCELONA/rondonia;Barcelona;-8.7619;-63.9039;0.0006047731353861842;2
GUARANY/alagoas;Guarany;-9.66599;-35.735;0.0006038806867193132;1
CSP/paraiba;Csp;-7.115;-34.8631;0.0006018420565560334;1
APAFUT/rio_grande_do_sul;Apafut;-29.1678;-51.1794;0.0006009919990138047;0
METROPOLITANO/santa_catarina;Metropolitano;-26.9155;-49.0709;0.0005987007214503643;0
TOLEDO/parana;Toledo;-24.7122;-53.7431;0.0005972383030687863;0
MOSSORÓ/rio_grande_do_norte;Mossoró;-5.18374;-37.3474;0.0005968139977202284;1
LEÃO DO VALE - CIANORTE/parana;Leão Do Vale - Cianorte;-23.6599;-52.6054;0.0005948696191152351;0
MORRINHOS/goias;Morrinhos;-15.9333;-50.14;0.0005938875811772198;0
MARACAJU/mato_grosso_do_sul;Maracaju;-21.6105;-55.1678;0.0005918280789768525;0
UNIÃO LUZIENSE/minas_gerais;União Luziense;-19.7697;-43.8514;0.0005909066381402753;0
BOA/minas_gerais;Boa;-21.5556;-45.4364;0.000590422837107396;0
SPORT SINOP/mato_grosso;Sport Sinop;-11.8604;-55.5091;0.000589383274354644;2
QFC/rio_grande_do_norte;Qfc;-5.9158;-35.2628;0.0005889850791002148;1
DECISÃO/pernambuco;Decisão;-8.47163;-35.7292;0.0005886985364552965;1
POTYGUAR SERIDOENSE/rio_grande_do_norte;Potyguar Seridoense;-6.25484;-36.5146;0.0005877420552395854;1
AE PARACATU/minas_gerais;Ae Paracatu;-17.2222;-46.8744;0.0005861840818734541;0
ESPORTIVO/rio_grande_do_sul;Esportivo;-29.1706;-51.52;0.0005860009751056688;0
ARAGUACEMA/tocantins;Araguacema;-9.1131;-49.5636;0.0005853748050190676;2
SORRISO/mato_grosso;Sorriso;-12.5425;-55.7211;0.0005786133409998772;2
CORISABBÁ/piaui;Corisabbá;-6.77182;-43.0241;0.0005761974911662291;1
CR AQUIDAUANA/mato_grosso_do_sul;Cr Aquidauana;-20.4714;-55.7872;0.0005734943059161586;0
BATAGUASSU/mato_grosso_do_sul;Bataguassu;-21.7144;-52.4228;0.0005734943059161586;0
JUVENTUS/rio_de_janeiro;Juventus;-22.9129;-43.2003;0.0005711771422039415;0
INDEPENDENTE/sergipe;Independente;-10.7417;-37.8108;0.0005695002767394313;1
MARUINENSE/sergipe;Maruinense;-10.7308;-37.0856;0.0005679664542364267;1
FLAMENGO/piaui;Flamengo;-5.09194;-42.8034;0.0005674374095592872;1
ATLÉTICO CENTRAL/sergipe;Atlético Central;-10.91;-37.0317;0.000566496608700009;1
GUARAÍ/tocantins;Guaraí;-8.83543;-48.5114;0.0005648521166215189;2
SOBRADINHO/distrito_federal;Sobradinho;-15.6517;-47.7853;0.0005638253423948804;0
PASSO FUNDO/rio_grande_do_sul;Passo Fundo;-28.2576;-52.4091;0.0005631257918969773;0
APARECIDA/goias;Aparecida;-16.8228;-49.2436;0.0005628156877175996;0
BRASÍLIA/distrito_federal;Brasília;-15.7795;-47.9297;0.000561734364639483;0
AÇÃO/mato_grosso;Ação;-15.8656;-56.0767;0.0005612890019595298;0
PLANALTINA/distrito_federal;Planaltina;-15.452;-47.6089;0.0005611989395850689;0
CONTAGEM/minas_gerais;Contagem;-19.9391;-44.0531;0.0005601086963179259;0
SANTOS/para;Santos;-1.8842;-48.7686;0.0005599704918651429;2
SINOP/mato_grosso;Sinop;-11.8604;-55.5091;0.0005589621191552138;2
TIRADENTES/ceara;Tiradentes;-3.71664;-38.5423;0.0005577328944455095;1
ITUMBIARA/goias;Itumbiara;-18.4093;-49.2158;0.0005576718012692191;0
SANTA CRUZ/rio_de_janeiro;Santa Cruz;-22.9129;-43.2003;0.0005563862584547439;0
GALÍCIA/bahia;Galícia;-12.9718;-38.5011;0.0005561466428226846;1
POCONÉ/mato_grosso;Poconé;-15.4608;-55.7497;0.0005558182662646201;0
CAÇADOR/santa_catarina;Caçador;-26.7757;-51.012;0.0005556254766728892;0
BLUMENAU/santa_catarina;Blumenau;-26.9155;-49.0709;0.0005546124527984126;0
CENTRO LIMOEIRENSE/pernambuco;Centro Limoeirense;-7.8726;-35.4402;0.0005537863213898682;1
YPIRANGA/pernambuco;Ypiranga;-7.94802;-36.2061;0.000551198422096129;1
ACADEMIA/mato_grosso;Academia;-16.4673;-54.6372;0.0005504125727826663;0
RIO SÃO PAULO/rio_de_janeiro;Rio São Paulo;-22.9129;-43.2003;0.0005469972652871082;0
FORÇA E LUZ/rio_grande_do_norte;Força E Luz;-5.7945;-35.2119;0.0005466980357959046;1
JACOBINA/bahia;Jacobina;-11.1811;-40.5181;0.0005458813026955039;1
PENEDENSE/alagoas;Penedense;-10.2874;-36.5819;0.0005457920641873752;1
CARUARU CITY/pernambuco;Caruaru City;-8.28455;-35.9699;0.0005454334043601303;1
AD CARMÓPOLIS/sergipe;Ad Carmópolis;-10.6449;-36.9887;0.0005432282312289578;1
DESPORTIVA GUARABIRA/paraiba;Desportiva Guarabira;-6.85064;-35.485;0.0005432187875190082;1
PIAUÍ/piaui;Piauí;-5.09194;-42.8034;0.00054085875915585;1
IPOJUCA/pernambuco;Ipojuca;-8.39303;-35.0609;0.0005402579496243095;1
CRIXÁS/goias;Crixás;-14.5489;-49.9692;0.0005399528721131702;2
FONTE NOVA/para;Fonte Nova;-1.05109;-46.6147;0.0005386469088853299;2
ITUPIRANGA/para;Itupiranga;-5.13272;-49.3358;0.0005381164949871991;2
PACATUBA/ceara;Pacatuba;-3.9784;-38.6183;0.0005368885935153742;1
SÃO CARLOS/sao_paulo;São Carlos;-22.0174;-47.886;0.0005366156906999354;0
AMÉRICA DE PEDRINHAS/sergipe;América De Pedrinhas;-10.2138;-36.8442;0.0005337339610584017;1
RIO NEGRO/amazonas;Rio Negro;-3.11866;-60.0212;0.0005322917168462839;2
CARAJÁS/para;Carajás;-6.06781;-49.9037;0.0005316153733147312;2
CANINDÉ/sergipe;Canindé;-9.6436;-37.7886;0.0005308043372427289;1
GUARULHOS/sao_paulo;Guarulhos;-23.4538;-46.5333;0.0005294518446720261;0
APUCARANA SPORTS/parana;Apucarana Sports;-23.5511;-51.4614;0.0005292455803403065;0
TAPAJÓS/para;Tapajós;-2.43849;-54.6996;0.0005285648579077779;2
TUPAN/maranhao;Tupan;-2.53874;-44.2825;0.0005285211859047967;1
CERRADO/goias;Cerrado;-16.8198;-49.2469;0.0005282520044735984;0
NÁUTICO/roraima;Náutico;1.82766;-61.1304;0.0005276826730928642;2
AVENIDA/rio_grande_do_sul;Avenida;-29.722;-52.4343;0.0005273497923300733;0
ESPORTE/paraiba;Esporte;-6.59138;-37.6185;0.0005269932993790116;1
AFOGADOS/pernambuco;Afogados;-7.74312;-37.631;0.0005240177398000017;1
ARUKO/parana;Aruko;-23.4205;-51.9333;0.0005236902561180463;0
CAAC BRASIL/rio_de_janeiro;Caac Brasil;-22.9129;-43.2003;0.000521290608042486;0
BOQUINHENSE/sergipe;Boquinhense;-11.1397;-37.6195;0.000520790728087265;1
AMÉRICA/pernambuco;América;-8.04666;-34.8771;0.0005189106049036588;1
ATLÉTICO CARIOCA/rio_de_janeiro;Atlético Carioca;-22.8268;-43.0634;0.0005174642956715551;0
BATEL/parana;Batel;-25.3902;-51.4623;0.0005168632420701005;0
ATLHETIC CE/minas_gerais;Atlhetic Ce;-21.1353;-44.2614;0.0005166818190539437;0
ITARARÉ/sao_paulo;Itararé;-24.1114;-49.3331;0.0005165605059331083;0
TUPÃ/sao_paulo;Tupã;-21.9347;-50.5136;0.0005164812816141634;0
GUARANY DE BAGÉ/rio_grande_do_sul;Guarany De Bagé;-31.3297;-54.0999;0.000515617185078999;0
ECUS/sao_paulo;Ecus;-23.5333;-46.3106;0.0005153343054607335;0
GAVIÃO KYIKATEJÊ/para;Gavião Kyikatejê;-5.0424;-48.6047;0.0005133109751977497;2
PRIMAVERA/mato_grosso;Primavera;-15.5591;-54.2982;0.0005120410377350805;0
NOVOPERÁRIO/mato_grosso_do_sul;Novoperário;-20.9317;-54.9614;0.0005106607015701313;0
DESPORTIVO ALIANÇA/alagoas;Desportivo Aliança;-9.405;-35.50694;0.0005103270303703792;1
COMERCIAL/piaui;Comercial;-4.8217;-42.1641;0.0005093319895933501;1
JARAGUÁ/goias;Jaraguá;-15.7529;-49.3344;0.0005089157755096862;0
CERES/rio_de_janeiro;Ceres;-22.8753;-43.4681;0.0005087033627072915;0
SANTA MARIA/distrito_federal;Santa Maria;-16.0167;-48.0167;0.0005086003275388697;0
IGREJINHA/rio_grande_do_sul;Igrejinha;-29.5693;-50.7919;0.0005070087755437309;0
ATLÉTICO CATARINENSE/santa_catarina;Atlético Catarinense;-27.6136;-48.6366;0.0005069184109804516;0
INTER DE MINAS/minas_gerais;Inter De Minas;-20.0818;-44.5801;0.000506122945431839;0
SÃO PAULO/amapa;São Paulo;0.034934;-51.0694;0.0005050206033385958;2
PRUDENTÓPOLIS/parana;Prudentópolis;-25.2111;-50.9754;0.0005045102129529439;0
CÁCERES/mato_grosso;Cáceres;-16.0764;-57.6818;0.0005029178446965593;0
SAPUCAIENSE/rio_grande_do_sul;Sapucaiense;-29.8276;-51.145;0.0005021994422904254;0
JAGUARÉ/espirito_santo;Jaguaré;-18.907;-40.0759;0.0005012887797826283;0
ARARUAMA/rio_de_janeiro;Araruama;-22.8697;-42.3326;0.0005009504215406341;0
AMPARO/sao_paulo;Amparo;-22.7033;-46.7644;0.0004996607223646237;0
PRINCESA DO SOLIMÕES/amazonas;Princesa Do Solimões;-3.29066;-60.6216;0.0004990659518190148;2
URUAÇU/goias;Uruaçu;-14.5238;-49.1396;0.0004965571542402137;2
FF SPORT/alagoas;Ff Sport;-9.3697;-36.2417;0.0004961448752567192;1
CONCORDIA ATLÉTICO CLUBE/santa_catarina;Concordia Atlético Clube;-27.2335;-52.026;0.0004960720842285275;0
PORTUGUESA/amapa;Portuguesa;-0.0383;-51.0632;0.0004958329561809221;2
BOM JESUS/goias;Bom Jesus;-18.2153;-49.9419;0.0004953029068933525;0
PETRÓPOLIS/rio_de_janeiro;Petrópolis;-22.505;-43.1789;0.0004941559584132863;0
GENUS/rondonia;Genus;-8.7619;-63.9039;0.0004938278896127118;2
VILHENENSE/rondonia;Vilhenense;-12.7502;-60.1488;0.0004932292843353872;2
NACIONAL UBERABA/minas_gerais;Nacional Uberaba;-19.7472;-47.9381;0.0004928709615049999;0
POÇOS DE CALDAS/minas_gerais;Poços De Caldas;-21.9183;-46.3843;0.0004924624884929203;0
VERA CRUZ/rio_de_janeiro;Vera Cruz;-23.0011;-44.3196;0.0004922094243647043;0
PORTO VELHO/rondonia;Porto Velho;-8.76077;-63.8999;0.0004916043174352446;2
CRISTAL/amapa;Cristal;0.034934;-51.0694;0.0004894840201049522;2
FLUMINENSE DE JOINVILLE/santa_catarina;Fluminense De Joinville;-26.3045;-48.8487;0.00048729626048602795;0
QUIXADÁ/ceara;Quixadá;-4.9663;-39.0155;0.0004870788314778598;1
QUEIMADENSE/paraiba;Queimadense;-7.3583;-35.8953;0.00048572432425485505;1
CRATEÚS/ceara;Crateús;-5.16768;-40.6536;0.0004852529181635897;1
BATATAIS/sao_paulo;Batatais;-20.8929;-47.5921;0.0004851849783709792;0
DESPORTIVA ARACAJU/sergipe;Desportiva Aracaju;-10.9091;-37.0677;0.00048471591350759404;1
TIGRES DO BRASIL/rio_de_janeiro;Tigres Do Brasil;-22.7858;-43.3049;0.0004786133150342051;0
UNAÍ/minas_gerais;Unaí;-16.3578;-46.9061;0.0004772983167110799;0
SETE DE SETEMBRO/pernambuco;Sete De Setembro;-8.88243;-36.4966;0.0004771471451253571;1
PINHEIROS/espirito_santo;Pinheiros;-18.4141;-40.2171;0.00047580147584397304;0
ATLÉTICO PATROCINENSE/minas_gerais;Atlético Patrocinense;-18.9379;-46.9934;0.0004753531511263613;0
BARÉ/roraima;Baré;2.82384;-60.6753;0.0004750147223826582;2
SPARTA/tocantins;Sparta;-7.1925;-48.2078;0.00047175726378431324;2
CHAPADINHA/maranhao;Chapadinha;-3.73875;-43.3538;0.00047064312615854474;1
GRÊMIO PAGUE MENOS/ceara;Grêmio Pague Menos;-3.71664;-38.5423;0.0004690261036103189;1
AT. ITAPEMIRIM/espirito_santo;At. Itapemirim;-21.0095;-40.8307;0.00046550140140614996;0
ARAUCÁRIA/parana;Araucária;-25.5917;-49.4103;0.00046508874369521316;0
BARRA MANSA/rio_de_janeiro;Barra Mansa;-22.5481;-44.1752;0.00046495888590048645;0
VERÊ/parana;Verê;-25.8772;-52.9051;0.00046459399455874993;0
VIANA/maranhao;Viana;-3.2208;-45.0022;0.0004644624506202111;1
JAGUAR/pernambuco;Jaguar;-8.1139;-35.0153;0.00046278915296966625;1
ATLÉTICO RORAIMA/roraima;Atlético Roraima;2.82384;-60.6753;0.00046242318469933027;2
BOCA JÚNIOR/sergipe;Boca Júnior;-11.4744;-37.7553;0.00046197702421461114;1
UNIÃO CENTRAL/rio_de_janeiro;União Central;-22.8461;-43.2778;0.000461249459484427;0
UNIRB/bahia;Unirb;-12.1335;-38.4208;0.00046034772875650073;1
SÃO JOSÉ/amapa;São José;0.034934;-51.0694;0.00045978640798349844;2
PEDREIRA/para;Pedreira;-1.4554;-48.4898;0.0004580952001033482;2
ALVORADA/amazonas;Alvorada;-3.11866;-60.0212;0.00045764098925634334;2
SOCORRENSE/sergipe;Socorrense;-10.8468;-37.1231;0.0004569296493423399;1
MAGEENSE/rio_de_janeiro;Mageense;-22.6517;-43.0425;0.00045642348838186107;0
LUMINENSE/maranhao;Luminense;-2.5283;-44.1133;0.00045572593600511557;1
ROLÂNDIA/parana;Rolândia;-23.3101;-51.3659;0.00045548656408210824;0
TIROL/ceara;Tirol;-3.7319;-38.5267;0.00045268437360505647;1
PICUIENSE/paraiba;Picuiense;-6.50845;-36.3497;0.0004517544256558791;1
SANTANA/amapa;Santana;-0.0583;-51.1817;0.0004483351206973242;2
BOSTON CITY BRASIL/minas_gerais;Boston City Brasil;-20.2575;-42.0336;0.00044768145582230244;0
CLIPER/amazonas;Cliper;-3.11866;-60.0212;0.00044684220746932213;2
SPORT BELÉM/para;Sport Belém;-1.4554;-48.4898;0.0004462021310853262;2
RIOPARDENSE/rio_grande_do_sul;Riopardense;-32.0349;-52.1071;0.0004458905638916132;0
VISÃO CELESTE/rio_grande_do_norte;Visão Celeste;-5.79357;-35.1986;0.0004455845675444245;1
MAZAGÃO/amapa;Mazagão;-0.11336;-51.2891;0.0004423568018691326;2
UNIÃO ATLÉTICO CLUBE/tocantins;União Atlético Clube;-7.1925;-48.2078;0.0004408913995791483;2
PRÓSPERA/santa_catarina;Próspera;-28.6723;-49.3729;0.00044085334015878076;0
PARAENSE/para;Paraense;-1.36002;-48.3421;0.00044061160656613915;2
AMADENSE/sergipe;Amadense;-11.1798;-37.9995;0.000440584525406282;1
NOVO HORIZONTE/rio_grande_do_sul;Novo Horizonte;-29.8519;-51.1825;0.0004377076481644391;0
GRÊMIO MARINGÁ/parana;Grêmio Maringá;-23.4205;-51.9333;0.000435926199031776;0
GLÓRIA/rio_grande_do_sul;Glória;-28.5079;-50.9418;0.00043399048951615774;0
GALO MARINGÁ/parana;Galo Maringá;-23.4205;-51.9333;0.0004332521144787303;0
NOVA CONQUISTA/tocantins;Nova Conquista;-10.1753;-48.8839;0.00043133805915881204;2
GARIBALDI/rio_grande_do_sul;Garibaldi;-29.2564;-51.5239;0.0004291839879501208;0
GUARANY/ceara;Guarany;-3.71664;-38.5423;0.00042772185092392805;1
VILA RICA/para;Vila Rica;-1.4554;-48.4898;0.0004249740045148418;2
SPORT ATIBAIA/sao_paulo;Sport Atibaia;-23.1171;-46.5563;0.0004237389467867031;0
SANTARRITENSE/minas_gerais;Santarritense;-22.2461;-45.7034;0.00042127618827290437;0
ASSISENSE/sao_paulo;Assisense;-22.66;-50.4183;0.00042026540696853446;0
PORTUGUESA/mato_grosso_do_sul;Portuguesa;-20.4697;-54.6201;0.0004199321095698607;0
ARAGUAIA/mato_grosso;Araguaia;-17.3153;-53.2181;0.0004181619145402932;0
OSVALDO CRUZ/sao_paulo;Osvaldo Cruz;-21.7961;-50.8839;0.0004179006159950317;0
JACOBINENSE/bahia;Jacobinense;-11.1812;-40.5117;0.00041720642609529397;1
RIO GRANDE/rio_grande_do_norte;Rio Grande;-5.79357;-35.1986;0.0004141806819006194;1
UNIÃO MOGI/sao_paulo;União Mogi;-23.5208;-46.1854;0.0004119700836377029;0
UNIÃO BELTRÃO/parana;União Beltrão;-26.0778;-53.0514;0.00041157811437373196;0
GRÊMIO S23/rio_grande_do_sul;Grêmio S23;-29.9740266;-51.1949496;0.0004108102352970481;0
OLÍMPIA/sao_paulo;Olímpia;-20.7366;-48.9106;0.0004107113418888703;0
POMBAL/paraiba;Pombal;-6.7725;-37.8011;0.0004106641984587049;1
RED BULL BRASIL/sao_paulo;Red Bull Brasil;-22.9053;-47.0659;0.00040986522470934145;0
VASCO DA GAMA/acre;Vasco Da Gama;-9.974;-67.8076;0.00040856665102495385;2
PALMEIRA DE GOIANINHA/rio_grande_do_norte;Palmeira De Goianinha;-6.2675;-35.2117;0.00040515228883289867;1
BOTAFOGO/bahia;Botafogo;-12.9718;-38.5011;0.00040504849705738383;1
OPERÁRIO CEOV/mato_grosso;Operário Ceov;-15.65;-56.1325;0.000403109466139538;0
IGACI/alagoas;Igaci;-9.5372;-36.6321;0.0004020051666525231;1
SPARTAX/paraiba;Spartax;-7.115;-34.8631;0.00040080444001439996;1
CTE COLATINA/espirito_santo;Cte Colatina;-19.5493;-40.6269;0.00040053473676550323;0
SANTA CRUZ RIACHUELO/sergipe;Santa Cruz Riachuelo;-11.2659;-37.4484;0.0003982096744047902;1
SÃO LUÍS/maranhao;São Luís;-2.53874;-44.2825;0.00039819340230498894;1
BARCELONA/rio_de_janeiro;Barcelona;-22.9129;-43.2003;0.00039818459628890713;0
CACERENSE/mato_grosso;Cacerense;-16.0764;-57.6818;0.000395798841909317;0
IRATY/parana;Iraty;-25.4697;-50.6493;0.0003953532730092183;0
BELO JARDIM/pernambuco;Belo Jardim;-8.3313;-36.4258;0.000393741738505721;1
FARROUPILHA/rio_grande_do_sul;Farroupilha;-31.7649;-52.3371;0.0003934967320025951;0
DIMENSÃO SAÚDE/alagoas;Dimensão Saúde;-9.41122;-36.0736;0.00039340917998363797;1
LEGIÃO/distrito_federal;Legião;-15.7795;-47.9297;0.0003925375343007439;0
RED BULL BRAGANTINO II/sao_paulo;Red Bull Bragantino Ii;-22.9527;-46.5419;0.0003918981018980566;0
LEMENSE/sao_paulo;Lemense;-22.1809;-47.3841;0.00039103602081000047;0
JUVENTUDE B/rio_grande_do_sul;Juventude B;-29.1629;-51.1792;0.0003908927957155024;0
SPORT CAPIXABA/espirito_santo;Sport Capixaba;-18.715;-40.4053;0.00038912905723930286;0
ITABERAÍ/goias;Itaberaí;-15.9333;-50.14;0.000388018782887165;0
ARAPONGAS/parana;Arapongas;-23.4153;-51.4259;0.0003872477054493507;0
FLAMENGO/pernambuco;Flamengo;-8.04666;-34.8771;0.00038707858549998444;1
FORÇA JOVEM AQUIDABÃ/sergipe;Força Jovem Aquidabã;-10.2817;-37.0194;0.0003851701194410762;1
JUAZEIRO/bahia;Juazeiro;-9.41622;-40.5033;0.0003835549461521228;1
RIOVERDENSE/goias;Rioverdense;-17.7923;-50.9192;0.0003830911374213384;0
SÃO JOSÉ/maranhao;São José;-2.5622;-44.0531;0.0003821647338374843;1
CEO/alagoas;Ceo;-9.53686;-37.2971;0.0003812492335275508;1
COIMBRA-MG B/minas_gerais;Coimbra-Mg B;-19.9102;-43.9266;0.0003806588493839672;0
SÃO MATEUS/espirito_santo;São Mateus;-18.7214;-39.8579;0.0003806220253779439;0
PLÁCIDO DE CASTRO/acre;Plácido De Castro;-10.2806;-67.1371;0.00038027821469784724;2
SANTO ÂNGELO/rio_grande_do_sul;Santo Ângelo;-28.3001;-54.2668;0.00037926299275584086;0
UNIÃO/mato_grosso_do_sul;União;-19.9275;-54.3585;0.00037908586235307884;0
SETE DE JUNHO/sergipe;Sete De Junho;-11.1798;-37.9995;0.0003790459567795224;1
GUARANY/rio_grande_do_sul;Guarany;-28.645;-53.6048;0.0003786440836463424;0
ADESG/acre;Adesg;-10.1497;-67.7362;0.0003776449687878662;2
REAL/roraima;Real;1.01019;-60.0419;0.00037743977221978836;2
UNIÃO/ceara;União;-3.71664;-38.5423;0.00037735587140613405;1
SERRANENSE/minas_gerais;Serranense;-19.9668;-44.2008;0.0003750041800912351;0
VILLA REAL/minas_gerais;Villa Real;-21.6747;-45.9197;0.00037483616719068624;0
PORTO/bahia;Porto;-16.4497;-39.0641;0.00037369932444528077;0
FERNANDÓPOLIS/sao_paulo;Fernandópolis;-20.2806;-50.2471;0.0003733363333482181;0
SOCORRO/sergipe;Socorro;-10.8468;-37.1231;0.00037282282240067445;1
IMBITUBA/santa_catarina;Imbituba;-28.2284;-48.6659;0.0003714991390366251;0
ITABORAÍ PROFUTE/rio_de_janeiro;Itaboraí Profute;-22.7565;-42.8639;0.0003709543878131132;0
RIOSTRENSE/rio_de_janeiro;Riostrense;-22.5269;-41.9425;0.00037055964022467754;0
PARNAMIRIM/rio_grande_do_norte;Parnamirim;-5.9158;-35.2628;0.0003701445497908182;1
PORTUGUESA LONDRINENSE/parana;Portuguesa Londrinense;-23.304;-51.1691;0.0003690943143535444;0
NOVO ESPORTE/minas_gerais;Novo Esporte;-18.5131;-41.3417;0.0003690090894589139;0
ATLÉTICO PERNAMBUCANO/pernambuco;Atlético Pernambucano;-7.8489;-35.2444;0.00036869976195121436;1
1° DE MAIO/pernambuco;1° De Maio;-9.38866;-40.5027;0.00036794384543195824;1
JUVENTUS/santa_catarina;Juventus;-26.4851;-49.0713;0.000366830350445486;0
CAMPO MOURÃO/parana;Campo Mourão;-24.0463;-52.378;0.00036614905277537887;0
DOCE MEL/bahia;Doce Mel;-14.1375;-39.7375;0.000365393960392577;1
FLAMENGO/sergipe;Flamengo;-10.4854;-37.1963;0.0003642576875906407;1
MONTE RORAIMA/roraima;Monte Roraima;2.82384;-60.6753;0.0003634681807947583;2
CAMBÉ/parana;Cambé;-23.2756;-51.2781;0.0003611323863550493;0
ATLÉTICO ITAJAÍ/santa_catarina;Atlético Itajaí;-26.9061;-48.6617;0.0003609435859956992;0
PANTANAL/mato_grosso_do_sul;Pantanal;-19.0089;-57.5973;0.00036025043768792833;0
MIGUELENSE/alagoas;Miguelense;-9.7826;-36.0886;0.00035822445144452437;1
FORMOSA/goias;Formosa;-15.5333;-47.3333;0.00035717857891060607;0
ARUC/distrito_federal;Aruc;-15.7934;-47.9406;0.0003570035494194834;0
PERILIMA/paraiba;Perilima;-7.22196;-35.8731;0.00035683195736864324;1
SESP SAMAMBAENSE/distrito_federal;Sesp Samambaense;-15.8778;-48.0833;0.0003557912831092683;0
BOTAFOGO PB/paraiba;Botafogo Pb;-7.11509;-34.8641;0.00035494146002302873;1
TIRADENTES/piaui;Tiradentes;-5.0919;-42.8033;0.0003541496570749948;1
LINHARES/espirito_santo;Linhares;-19.3946;-40.0643;0.0003520120339283795;0
FERROVIÁRIO DO CABO/pernambuco;Ferroviário Do Cabo;-8.2328;-35.796;0.00035093666071626354;1
GRÊMIO B/rio_grande_do_sul;Grêmio B;-29.9740266;-51.1949496;0.0003506116348721036;0
GRÊMIO VALPARAÍSO/goias;Grêmio Valparaíso;-16.0683;-47.9767;0.00035050966458778784;0
PROPRIÁ/sergipe;Propriá;-10.2138;-36.8442;0.0003502809800176368;1
SPORT LAGOA SECA/paraiba;Sport Lagoa Seca;-6.8928;-34.8647;0.00034967859013775525;1
ESSUBE/minas_gerais;Essube;-18.9113;-48.2622;0.00034749317135095994;0
ATL. TRÊS CORAÇÕES/minas_gerais;Atl. Três Corações;-21.2214;-43.7703;0.0003460903440419043;0
CRUZEIRO/paraiba;Cruzeiro;-7.3039;-38.1506;0.00034549593711328023;1
SSA/bahia;Ssa;-12.9718;-38.5011;0.0003414028699555313;1
NÁUTICO/mato_grosso_do_sul;Náutico;-20.4697;-54.6201;0.0003390935558886774;0
JACIOBÁ/alagoas;Jaciobá;-9.7497;-37.4375;0.0003388042920560517;1
CAMPO GRANDE/ceara;Campo Grande;-7.2372;-39.4121;0.00033770193078509037;1
IRANDUBA/amazonas;Iranduba;-3.2847;-60.1858;0.0003368042622578492;2
TARUMÃ/amazonas;Tarumã;-3.11866;-60.0212;0.0003367653979646592;2
VILHENA/rondonia;Vilhena;-12.7502;-60.1488;0.00033588646886042453;2
RIO NEGRO/roraima;Rio Negro;2.82384;-60.6753;0.0003356957348428668;2
CABENSE/pernambuco;Cabense;-8.28218;-35.0253;0.0003346045316922527;1
UNIVAP APODI/rio_grande_do_norte;Univap Apodi;-5.6606;-37.7972;0.00033361560551745833;1
RIO BRANCO - VN/espirito_santo;Rio Branco - Vn;-20.3344;-41.1342;0.000333375684239162;0
RENOVAÇÃO/amapa;Renovação;-0.0383;-51.0632;0.00033272353217255704;2
SANTACRUZENSE/sao_paulo;Santacruzense;-22.8988;-49.6354;0.00032856477818334127;0
ASTER BRASIL/espirito_santo;Aster Brasil;-20.3155;-40.3128;0.0003285446276404591;0
RIACHÃO/sergipe;Riachão;-11.0729;-37.731;0.0003276621821741042;1
SÃO JOSÉ/tocantins;São José;-10.1844;-48.3336;0.0003270324665236468;2
CORITIBA/sergipe;Coritiba;-10.6853;-37.4253;0.0003251146903862091;1
INTER SM/rio_grande_do_sul;Inter Sm;-29.6842;-53.8069;0.0003237619614874706;0
AGRIMAQ JEQUIAENSE/alagoas;Agrimaq Jequiaense;-10.0039;-36.021;0.00032359782223057856;1
TIRADENTES/para;Tiradentes;-1.4554;-48.4898;0.0003217328021010293;2
VÊNUS/para;Vênus;-1.72183;-48.8788;0.00032011885435104926;2
ATLÉTICO PIAUIENSE/piaui;Atlético Piauiense;-5.09194;-42.8034;0.00031854835341057954;1
ARACAJU/sergipe;Aracaju;-10.9091;-37.0677;0.0003175767942829627;1
ASSU/rio_grande_do_norte;Assu;-5.5772;-36.9114;0.00031610701348393195;1
ESPORTE LIMOEIRO/ceara;Esporte Limoeiro;-5.14392;-38.0847;0.00031595763795384937;1
FORTE/espirito_santo;Forte;-19.2631;-40.3325;0.0003155270281744229;0
CRUZEIRO/distrito_federal;Cruzeiro;-15.7934;-47.9406;0.0003154988954161377;0
SANTA CRUZ/mato_grosso;Santa Cruz;-15.0702;-57.1878;0.00031384540983304076;2
CRUZEIRO/amapa;Cruzeiro;-0.0383;-51.0632;0.0003126638566557522;2
BACABAL/maranhao;Bacabal;-4.22447;-44.7832;0.0003110154220028499;1
12 HORAS/rio_grande_do_sul;12 Horas;-30.0331;-51.23;0.00031077369612881505;0
CASTELO/espirito_santo;Castelo;-20.6033;-41.2031;0.0003106572307001483;0
ALVORADA/tocantins;Alvorada;-12.4785;-49.1249;0.00031053388862577734;2
TORRES BRASIL/pernambuco;Torres Brasil;-8.0578;-34.8778;0.0003092028730686983;1
MANCHESTER FUTEBOL/minas_gerais;Manchester Futebol;-21.7642;-43.3503;0.0003084386352379594;0
JC FUTEBOL CLUBE/amazonas;Jc Futebol Clube;-3.1417;-58.4444;0.00030669613501968463;2
NÁUAS/acre;Náuas;-7.6649;-72.6504;0.00030612749019466855;2
BARCELONA ESPORTIVO/sao_paulo;Barcelona Esportivo;-23.5505;-46.6333;0.0003061218450464222;0
CASIMIRO DE ABREU/rio_de_janeiro;Casimiro De Abreu;-22.4812;-42.2066;0.0003033021431373212;0
ANDIRÁ/acre;Andirá;-9.974;-67.8076;0.00029973833452866396;2
SUL AMÉRICA/amazonas;Sul América;-3.11866;-60.0212;0.00029814958874311594;2
RONDONIENSE/rondonia;Rondoniense;-8.76077;-63.8999;0.00029683983466963725;2
HOPE INTERNACIONAL/parana;Hope Internacional;-25.4195;-49.2646;0.00029366044003743775;0
INTERNACIONAL B/rio_grande_do_sul;Internacional B;-30.0318;-51.2065;0.0002935995598766459;0
PORTO/santa_catarina;Porto;-26.2451;-51.0759;0.0002931055043869531;0
SÃOJOSEENSE/parana;Sãojoseense;-25.5347;-49.2064;0.0002929586171752567;0
BRAZLÂNDIA/distrito_federal;Brazlândia;-15.6667;-48.1961;0.0002919389944098298;0
GEL/espirito_santo;Gel;-20.1286;-40.3078;0.00029172914376445337;0
PIRES DO RIO/goias;Pires Do Rio;-17.3019;-48.2768;0.00028993037940649893;0
MESQUITA/rio_de_janeiro;Mesquita;-22.8028;-43.4601;0.00028930291488515333;0
CDC DA AMAZÔNIA/amazonas;Cdc Da Amazônia;-2.6214;-60.9431;0.00028726163245943457;2
INDEPENDENTE/rio_de_janeiro;Independente;-22.3708;-41.7869;0.00028706969239343353;0
CHAPADA/mato_grosso;Chapada;-15.4608;-55.7497;0.00028564208901510975;0
CAMPO NOVO/mato_grosso;Campo Novo;-13.6744;-57.8869;0.0002849562273073386;2
RIACHUELO/rio_grande_do_norte;Riachuelo;-5.82156;-35.8215;0.0002848078575131168;1
SER CRUZ ALTA/rio_grande_do_sul;Ser Cruz Alta;-28.645;-53.6048;0.00028439655781192796;0
TIANGUÁ/ceara;Tianguá;-3.72965;-40.9923;0.0002842356831623006;1
RIACHO CITY/distrito_federal;Riacho City;-15.8821;-48.0163;0.0002826641873363954;0
QUEIMADOS/rio_de_janeiro;Queimados;-22.7153;-43.5558;0.00028206813122494097;0
ANDRADINA/sao_paulo;Andradina;-20.8948;-51.3786;0.0002806636624925572;0
FEMAR/paraiba;Femar;-6.9533;-35.5414;0.0002799758486131324;1
SERRANO/paraiba;Serrano;-7.22196;-35.8731;0.0002791392120026281;1
URUMAJÓ/para;Urumajó;-1.0217;-46.6347;0.0002783152041508022;2
CENTRAL PARAÍSO/tocantins;Central Paraíso;-10.1753;-48.8839;0.00027749627509424417;2
FEIRENSE/bahia;Feirense;-12.9614;-39.2584;0.00027661795683738493;1
JARAGUÁ/santa_catarina;Jaraguá;-26.4851;-49.0713;0.00027469173616662124;0
PONTAPORANENSE/mato_grosso_do_sul;Pontaporanense;-22.5361;-55.7256;0.0002735039051411009;0
ATIBAIA/sao_paulo;Atibaia;-23.1171;-46.5563;0.0002731901415063759;0
BRASIL DE FARROUPILHA/rio_grande_do_sul;Brasil De Farroupilha;-29.2227;-51.3419;0.00027157820883136417;0
UNIÃO ATLÉTICA ARAGUAINENSE/tocantins;União Atlética Araguainense;-7.1908;-48.2078;0.0002704332512298818;2
LAGO VERDE/maranhao;Lago Verde;-3.9572;-44.8317;0.00027032146712315826;1
ARAGUAIA DE PALMAS/tocantins;Araguaia De Palmas;-10.1844;-48.3336;0.00026983450946451375;2
ROYAL/goias;Royal;-16.2524;-47.9504;0.00026867487269373395;0
LAGOA/amapa;Lagoa;0.034934;-51.0694;0.0002674966478982039;2
INDEPENDENTE/para;Independente;-2.63609;-54.9374;0.00026718195915222766;2
CANAÃ/bahia;Canaã;-11.3039;-41.8569;0.00026652214453281843;1
PATROCINENSE/minas_gerais;Patrocinense;-18.9379;-46.9934;0.00026535279040092863;0
JUVENTUS DE MINAS NOVAS/minas_gerais;Juventus De Minas Novas;-17.2156;-42.5884;0.00026499839715158957;0
MARAU/rio_grande_do_sul;Marau;-28.4492;-52.2;0.0002642882808784508;0
TERRA E MAR/ceara;Terra E Mar;-3.71664;-38.5423;0.0002628592939248949;1
ITAREMA/ceara;Itarema;-2.9231;-39.9161;0.0002617625111440845;1
RIVER/roraima;River;2.82384;-60.6753;0.0002616467254693244;2
RB DO NORTE/amazonas;Rb Do Norte;-3.119;-60.0217;0.0002612912436056936;2
JUARA/mato_grosso;Juara;-11.4194;-57.5186;0.0002610465483239367;2
MOGI MIRIM/sao_paulo;Mogi Mirim;-22.4332;-46.9532;0.0002600842815164877;0
PEDRA BRANCA/santa_catarina;Pedra Branca;-27.6419;-48.6667;0.00025972595152534304;0
TUPY/espirito_santo;Tupy;-20.3417;-40.2875;0.00025896293883146527;0
LATITUDE ZERO/amapa;Latitude Zero;-0.0383;-51.0632;0.0002589289899175114;2
ATLÉTICO AMAZONENSE/amazonas;Atlético Amazonense;-3.11866;-60.0212;0.00025887012310478534;2
ATLÉTICO CERRADO/tocantins;Atlético Cerrado;-10.1753;-48.8839;0.0002584105065219508;2
SABUGY/paraiba;Sabugy;-9.8475;-36.9189;0.0002575192226195355;1
LEÔNICO/bahia;Leônico;-12.9718;-38.5011;0.0002574060428942647;1
FLAMENGO DE GUANAMBI/bahia;Flamengo De Guanambi;-14.2256;-42.7811;0.000256906959110271;1
CORITIBA B/parana;Coritiba B;-25.4195;-49.2646;0.0002567119900908157;0
PASSOS/minas_gerais;Passos;-20.7193;-46.609;0.00025651557952010185;0
ROLIM DE MOURA/rondonia;Rolim De Moura;-11.7271;-61.7714;0.00025526121237503467;2
SÃO GABRIEL/mato_grosso_do_sul;São Gabriel;-19.395;-54.5658;0.0002544526507277188;0
CAIÇARA/piaui;Caiçara;-4.8217;-42.1641;0.0002542209655773607;1
SAMPAIO/roraima;Sampaio;2.82384;-60.6753;0.0002534317653476114;2
NAVEGANTES/santa_catarina;Navegantes;-26.8943;-48.6546;0.0002514522565764142;0
NOVA PRATA/rio_grande_do_sul;Nova Prata;-28.7799;-51.6113;0.00025004739722863983;0
INDEPENDENTE DE RIO VERDE/goias;Independente De Rio Verde;-17.7923;-50.9192;0.0002483571443593595;0
ATLÉTICO MOGI/sao_paulo;Atlético Mogi;-23.5233;-46.1883;0.0002483259320464906;0
BOTAFOGO/sergipe;Botafogo;-11.4668;-37.7585;0.00024813946513211916;1
FORTALEZA B/ceara;Fortaleza B;-3.71664;-38.5423;0.0002476933571520785;1
ATLÉTICO DE CAJAZEIRAS/paraiba;Atlético De Cajazeiras;-6.88004;-38.5577;0.00024730132220004964;1
MIRAMAR/paraiba;Miramar;-6.98731;-34.8284;0.00024704499754698504;1
CAP DE UBERLÂNDIA/minas_gerais;Cap De Uberlândia;-18.9141;-48.2749;0.0002469415891344414;0
ATLÉTICO BATISTENSE/santa_catarina;Atlético Batistense;-27.2764;-48.8497;0.00024603123209944965;0
TRÊS PASSOS/rio_grande_do_sul;Três Passos;-27.4555;-53.9296;0.0002455355768369733;0
PESQUEIRA/pernambuco;Pesqueira;-8.35797;-36.6978;0.0002453358766105458;1
SABIÁ/maranhao;Sabiá;-4.86505;-43.3617;0.0002451838941711847;1
CANÁRIO/amapa;Canário;-0.0389;-51.0664;0.00024427219555304914;2
BARE/amapa;Bare;-0.0383;-51.0632;0.0002405215252181205;2
BELENENSE/para;Belenense;-1.2947;-48.4558;0.00023989971845869023;2
BRASILIS/sao_paulo;Brasilis;-22.4733;-46.6314;0.00023795735629669686;0
UNIÃO DE PALMAS/tocantins;União De Palmas;-10.1844;-48.3336;0.00023601636552243868;2
CHAPECOENSE B/santa_catarina;Chapecoense B;-27.103888888;-52.606666666;0.0002358879542997936;0
AMERICANO/maranhao;Americano;-4.22447;-44.7832;0.00023522449926071976;1
PRS/rio_grande_do_sul;Prs;-30.0331;-51.23;0.00023521224482922387;0
G.A.S/roraima;G.A.S;1.8153;-61.1272;0.00023515130033297907;2
BETIS/minas_gerais;Betis;-20.5263;-43.6962;0.00023510277101501716;0
YPIRANGA/bahia;Ypiranga;-12.9718;-38.5011;0.00023459928186405287;1
TESLA/para;Tesla;-1.4558;-48.4902;0.00023404107801643505;2
ADEC/amapa;Adec;2.49804;-50.9496;0.000233136703016484;2
MARAJÓ/para;Marajó;-1.6821;-50.4802;0.00023248692451784337;2
DUQUE CAXIENSE/rio_de_janeiro;Duque Caxiense;-22.7856;-43.3117;0.0002320921818892594;0
ALIANÇA/ceara;Aliança;-3.9842;-38.6203;0.00023208955149879723;1
PIMENTENSE/rondonia;Pimentense;-11.672;-61.198;0.00023129698810460695;2
SETE/amazonas;Sete;-3.119;-60.0217;0.00023064185468402634;2
POTENGI/rio_grande_do_norte;Potengi;-5.7945;-35.2119;0.00023001253461418103;1
PARAÍSO/tocantins;Paraíso;-10.1753;-48.8839;0.00022886197052243338;2
UNIÃO FREDERIQUENSE/rio_grande_do_sul;União Frederiquense;-27.3586;-53.3958;0.00022855153037046373;0
PARAÍBA DO SUL/rio_de_janeiro;Paraíba Do Sul;-22.1585;-43.304;0.0002276601597705867;0
CRB B/alagoas;Crb B;-9.6658;-35.735;0.00022551677284068559;1
OSASCO/sao_paulo;Osasco;-23.5324;-46.7916;0.00022521052028630454;0
TRÊS LAGOAS/mato_grosso_do_sul;Três Lagoas;-20.7849;-51.7007;0.00022491917261996207;0
FIGUEIRENSE/minas_gerais;Figueirense;-21.1353;-44.2614;0.00022441276375478756;0
ATLÉTICO BACABAL/maranhao;Atlético Bacabal;-4.22447;-44.7832;0.00022438871827766554;1
TERESINA/piaui;Teresina;-5.0892;-42.8019;0.00022382347485939915;1
BOTAFOGO/goias;Botafogo;-16.7686;-47.6136;0.00022310017772838523;0
7 DE SETEMBRO/mato_grosso_do_sul;7 De Setembro;-22.2231;-54.812;0.00022279268892466073;0
CALOUROS DO AR/ceara;Calouros Do Ar;-3.71664;-38.5423;0.00022273639002344658;1
ATLÉTICO/rio_grande_do_sul;Atlético;-29.9413;-50.9869;0.00022272287241437155;0
RONDONÓPOLIS/mato_grosso;Rondonópolis;-16.4673;-54.6372;0.00022234443271196237;0
CEARÁ B/ceara;Ceará B;-3.71664;-38.5423;0.00022222262385736255;1
BRÉSCIA/rio_de_janeiro;Bréscia;-22.6632;-43.0315;0.00022195002035034242;0
FERROVIÁRIO/piaui;Ferroviário;-2.9031;-41.7761;0.00022032738493204325;1
OESTE BRASIL/parana;Oeste Brasil;-24.7119;-53.7431;0.00021952779337499018;0
GRÊMIO OSASCO/sao_paulo;Grêmio Osasco;-23.5324;-46.7916;0.00021783559345756102;0
CLUBE 1992/rio_grande_do_sul;Clube 1992;-28.2839;-52.7844;0.00021661242934087295;0
ITACOATIARA/amazonas;Itacoatiara;-3.1417;-58.4444;0.00021580866146090675;2
RIO BRANCO SPORT CLUB/parana;Rio Branco Sport Club;-25.5161;-48.5225;0.00021392194276926123;0
UNIÃO INHUMAS/goias;União Inhumas;-16.3611;-49.5001;0.0002136949896243057;0
VOTUPORANGUENSE/sao_paulo;Votuporanguense;-20.4222;-49.9725;0.00021150588493992366;0
CITY LONDON/parana;City London;-23.3103;-51.1628;0.00021079239994665642;0
UNIÃO HARMONIA/rio_grande_do_sul;União Harmonia;-29.9189;-51.1767;0.00021069130855388388;0
COMERCIAL DE TRÊS LAGOAS/mato_grosso_do_sul;Comercial De Três Lagoas;-20.7849;-51.7007;0.0002104710753000813;0
TUBARÃO/santa_catarina;Tubarão;-28.4713;-49.0144;0.0002104152500159699;0
ELOSPORT CAPÃO BONITO/sao_paulo;Elosport Capão Bonito;-24.004;-48.3393;0.00020992519156708454;0
CSA B/alagoas;Csa B;-9.6658;-35.735;0.0002086757782137386;1
LIBRADE/amazonas;Librade;-3.119;-60.0217;0.00020864625335339186;2
GUAJARÁ/rondonia;Guajará;-10.7889;-65.3296;0.0002077686104061956;2
SANTA CRUZ/acre;Santa Cruz;-9.974;-67.8076;0.0002075200575104964;2
CANOINHAS/santa_catarina;Canoinhas;-26.1772;-50.39;0.00020735942040671216;0
ÁGUIA DE CUMARU/pernambuco;Águia De Cumaru;-8.0069;-35.7003;0.00020716100477581291;1
BELA VISTA/rio_de_janeiro;Bela Vista;-22.8269;-43.0539;0.00020636494235061703;0
CRICIÚMA B/santa_catarina;Criciúma B;-28.6723;-49.3729;0.00020613326573949855;0
BARREIROS/pernambuco;Barreiros;-8.8153;-35.1878;0.0002024195156244759;1
ATLÉTICO/mato_grosso;Atlético;-17.3153;-53.2181;0.00020154162352238136;0
CANAÃ/distrito_federal;Canaã;-15.7795;-47.9297;0.00020073748064590205;0
TIMBAÚBA/pernambuco;Timbaúba;-7.50484;-35.3119;0.00020053731203714963;1
ATHLETICO PARANAENSE B/parana;Athletico Paranaense B;-25.4195;-49.2646;0.00020038049999937982;0
CUIABÁ B/mato_grosso;Cuiabá B;-15.601;-56.0974;0.00020012843682274908;0
GRECAL/parana;Grecal;-25.4195;-49.2646;0.00019942099714747918;0
ARSENAL/tocantins;Arsenal;-6.32447;-47.4224;0.00019853240854130158;2
CAMAÇARIENSE/bahia;Camaçariense;-12.6996;-38.3263;0.00019824941737626707;1
MORENINHAS/mato_grosso_do_sul;Moreninhas;-20.4697;-54.6201;0.0001962697813812454;0
TAVEIRÓPOLIS/mato_grosso_do_sul;Taveirópolis;-20.4697;-54.6201;0.00019578016843508145;0
SPORTING MARACANÃ/para;Sporting Maracanã;-1.0217;-46.6347;0.0001953678458181213;2
VILA REAL/ceara;Vila Real;-3.7172;-38.5433;0.00019503086986244922;1
TAQUARUSSÚ/tocantins;Taquarussú;-10.1844;-48.3336;0.00019336701567223693;2
SANTA FÉ/pernambuco;Santa Fé;-7.8342;-34.9061;0.00019207942682801074;1
DÍNAMO/alagoas;Dínamo;-9.6658;-35.735;0.00019050334138308306;1
ARAGUARI/minas_gerais;Araguari;-18.6456;-48.1934;0.00018948714873441512;0
EXPRESSINHO/maranhao;Expressinho;-2.53874;-44.2825;0.00018896196820308755;1
ANJOS DO CÉU/ceara;Anjos Do Céu;-3.7172;-38.5433;0.00018878488886830904;1
SÃO GABRIEL/rio_grande_do_sul;São Gabriel;-30.3337;-54.3217;0.00018827809342111728;0
COTINGUIBA/sergipe;Cotinguiba;-10.9091;-37.0677;0.00018778058435583918;1
PIRAPORA/minas_gerais;Pirapora;-17.3392;-44.934;0.0001874788251430152;0
NOVA ANDRADINA/mato_grosso_do_sul;Nova Andradina;-22.238;-53.3437;0.00018640288617089834;0
SÃO JOSÉ DE ITAPERUNA/rio_de_janeiro;São José De Itaperuna;-21.1997;-41.8799;0.00018562839683279895;0
SOCIAL/minas_gerais;Social;-19.5179;-42.6276;0.00018112469037317075;0
ATHLETIC CLUB/minas_gerais;Athletic Club;-21.1356;-44.2611;0.00018005732214838687;0
INTERNACIONAL/paraiba;Internacional;-7.4289;-34.8967;0.00017976298722108272;1
INTER SÃO GOTARDO/minas_gerais;Inter São Gotardo;-19.3117;-46.0492;0.00017969933172278587;0
BRASILEIRINHO/rio_de_janeiro;Brasileirinho;-22.9129;-43.2003;0.00017842816519923998;0
GÁLATAS/espirito_santo;Gálatas;-19.8033;-40.855;0.00017810388370039228;0
MISTO/mato_grosso_do_sul;Misto;-20.7849;-51.7007;0.00017677129751138344;0
PROGRESSO/roraima;Progresso;2.43998;-60.9096;0.00017636121646350333;2
ALTAMIRA/para;Altamira;-3.20407;-52.21;0.0001760062200668822;2
BALSAS/maranhao;Balsas;-7.53214;-46.0372;0.00017492056144018266;1
CANDANGO/distrito_federal;Candango;-15.7795;-47.9297;0.00017427844859543493;0
MIRANORTE/tocantins;Miranorte;-9.52907;-48.5922;0.00017287443971676235;2
ARSENAL CARIDADE/ceara;Arsenal Caridade;-4.22514;-39.1912;0.00017248112429450038;1
CEART/mato_grosso_do_sul;Ceart;-22.2239;-54.8064;0.00017237763894989072;0
SÃO DOMINGOS/alagoas;São Domingos;-9.711;-35.8953;0.00017157766974314884;1
SERRANO/pernambuco;Serrano;-7.98178;-38.289;0.00017122120430642613;1
PORTELA/bahia;Portela;-17.5348;-39.7424;0.0001708300625375574;0
AVAÍ B/santa_catarina;Avaí B;-27.5945;-48.5477;0.000170696852568553;0
UIRAPURU/mato_grosso;Uirapuru;-15.601;-56.0974;0.00017064829412941982;0
CHÃ GRANDE/pernambuco;Chã Grande;-8.23827;-35.4571;0.00016951020122575597;1
LAJEADENSE/rio_grande_do_sul;Lajeadense;-29.4675;-51.9614;0.00016685391444606253;0
COLINAS/tocantins;Colinas;-8.05764;-48.4757;0.0001612903225806452;2
MUTUM/mato_grosso;Mutum;-13.8344;-56.0728;0.0001612903225806452;2
ORLEANS/santa_catarina;Orleans;-28.3487;-49.2986;0.0001612903225806452;0
ARAIOSES/maranhao;Araioses;-2.8942;-41.9058;0.0001612903225806452;1
MONTE CRISTO/goias;Monte Cristo;-16.6864;-49.2643;0.0001612903225806452;0
BOLAMENSE/distrito_federal;Bolamense;-15.9083;-48.0667;0.0001612903225806452;0
GRÊMIO CARAJÁS/para;Grêmio Carajás;-1.4558;-48.4902;0.0001612903225806452;2
PAULISTANO/mato_grosso;Paulistano;-14.4539;-56.8028;0.0001612903225806452;2
TEIXEIRA DE FREITAS/bahia;Teixeira De Freitas;-17.5399;-39.74;0.0001612903225806452;0
CAMAÇARI/bahia;Camaçari;-12.6996;-38.3263;0.0001612903225806452;1
