nome_clube;wiki_title
Clube de Regatas do Flamengo;Clube de Regatas do Flamengo
Sport Club Corinthians Paulista;Sport Club Corinthians Paulista
São Paulo Futebol Clube;São Paulo Futebol Clube
Clube Náutico Capibaribe;Clube Náutico Capibaribe
Sport Club Internacional;Sport Club Internacional
Botafogo de Futebol e Regatas;Botafogo de Futebol e Regatas
Santos Futebol Clube;Santos Futebol Clube
Sociedade Esportiva Palmeiras;Sociedade Esportiva Palmeiras
Clube Atlético Ypiranga;Clube Atlético Ypiranga
Fluminense Football Club;Fluminense Football Club
Ipatinga Futebol Clube;Ipatinga Futebol Clube
América Futebol Clube;América Futebol Clube (Belo Horizonte)
Manchete Futebol Clube do Recife;Manchete Futebol Clube do Recife
Avaí Futebol Clube;Avaí Futebol Clube
Canto do Rio Foot-Ball Club;Canto do Rio Foot-Ball Club
Sociedade Esportiva do Gama;Sociedade Esportiva do Gama
Calouros do Ar Futebol Clube;Calouros do Ar Futebol Clube
Bacabal Esporte Clube;Bacabal Esporte Clube
America Football Club;America Football Club (Rio de Janeiro)
Coritiba Foot Ball Club;Coritiba Foot Ball Club
América Futebol Clube (Goiás);América Futebol Clube (Goiás)
América Futebol Clube (Rio Grande do Norte);América Futebol Clube (Rio Grande do Norte)
Club Athletico Paranaense;Club Athletico Paranaense
Santa Cruz Futebol Clube;Santa Cruz Futebol Clube
Nacional Futebol Clube;Nacional Futebol Clube (Amazonas)
Brasiliense Futebol Clube;Brasiliense Futebol Clube
Paraná Clube;Paraná Clube
Esporte Clube Juventude;Esporte Clube Juventude
Boa Esporte Clube;Boa Esporte Clube
Britânia Sport Club;Britânia Sport Club
Esporte Clube Tigres do Brasil;Esporte Clube Tigres do Brasil
Centro Sportivo Alagoano;Centro Sportivo Alagoano
Associação Atlética Rodoviária;Associação Atlética Rodoviária do Amazonas
Sport Club Rio Grande;Sport Club Rio Grande
São Paulo Athletic Club;São Paulo Athletic Club
Clube Sociedade Esportiva;Clube Sociedade Esportiva
Clube Atlético Hermann Aichinger;Clube Atlético Hermann Aichinger
Clube de Regatas Brasil;Clube de Regatas Brasil
Associação Desportiva Recreativa Cultural Icasa;Associação Desportiva Recreativa Cultural Icasa
Macaé Esporte Futebol Clube;Macaé Esporte Futebol Clube
Luverdense Esporte Clube;Luverdense Esporte Clube
Oeste Futebol Clube;Osasco Sporting
Cianorte Futebol Clube;Cianorte Futebol Clube
Red Bull Futebol e Entretenimento Ltda.;Red Bull Bragantino II
Sobradinho Esporte Clube;Sobradinho Esporte Clube
Clube Atlético Juventus;Clube Atlético Juventus
Sinop Futebol Clube;Sinop Futebol Clube
Operário Futebol Clube;Operário Futebol Clube
Ypiranga Futebol Clube;Ypiranga Futebol Clube (Erechim)
Sociedade Esportiva Tupan;Sociedade Esportiva Tupan
Clube Atlético Vila Rica;Clube Atlético Vila Rica
Associação Atlética Caldense;Associação Atlética Caldense
Rio Preto Esporte Clube;Rio Preto Esporte Clube
Villa Nova Atlético Clube;Villa Nova Atlético Clube
Associação Desportiva Confiança;Associação Desportiva Confiança
Sport Club República;Sport Club República
São José Esporte Clube;São José Esporte Clube
Esporte Clube Novo Hamburgo;Esporte Clube Novo Hamburgo
Sociedade Esportiva, Recreativa e Cultural Guarani;Guarani de Palhoça Futebol Ltda.
Clube Atlético do Porto;Clube Atlético do Porto
Clube Desportivo Sete de Setembro;Clube Desportivo Sete de Setembro
Clube de Regatas Guará;Clube de Regatas Guará
Quixadá Futebol Clube;Quixadá Futebol Clube
Bangu Atlético Clube;Bangu Atlético Clube
Goiás Esporte Clube;Goiás Esporte Clube
Duque de Caxias Futebol Clube;Duque de Caxias Futebol Clube
Tupi Football Club;Tupi Football Club
Campinense Clube;Campinense Clube
Ceará Sporting Club;Ceará Sporting Club
Guarani Futebol Clube;Guarani Futebol Clube
Tombense Futebol Clube;Tombense Futebol Clube
Audax Rio de Janeiro Esporte Clube;Audax Rio de Janeiro Esporte Clube
Desportivo Brasil;Desportivo Brasil
Esporte Clube Ferro Carril;Esporte Clube Ferro Carril
Esporte Clube Pinheiros (Paraná);Esporte Clube Pinheiros (Paraná)
Esporte Clube Santo André;Esporte Clube Santo André
Fortaleza Esporte Clube;Fortaleza Esporte Clube
Atlético Clube Goianiense;Atlético Clube Goianiense
Esporte Clube Bahia;Esporte Clube Bahia
Grêmio Barueri;Grêmio Barueri Futebol Ltda.
Cruzeiro Esporte Clube;Cruzeiro Esporte Clube
Sport Club do Recife;Sport Club do Recife
Associação Portuguesa de Desportos;Associação Portuguesa de Desportos
Figueirense Futebol Clube;Figueirense Futebol Clube
Associação Atlética Ponte Preta;Associação Atlética Ponte Preta
Grêmio Foot-Ball Porto Alegrense;Grêmio Foot-Ball Porto Alegrense
Entrerriense Futebol Clube;Entrerriense Futebol Clube
Associação Esportiva Jataiense;Associação Esportiva Jataiense
Associação Desportiva Atlética do Paraná;Associação Desportiva Atlética do Paraná
Clube Atlético Mineiro;Clube Atlético Mineiro
Esporte Clube Vitória;Esporte Clube Vitória
Barra do Garças Futebol Clube;Barra do Garças Futebol Clube
Associação Atlética das Palmeiras;Associação Atlética das Palmeiras
Associação Atlética Internacional (Limeira);Associação Atlética Internacional (Limeira)
Associação Desportiva São Caetano;São Caetano Futebol
Blumenau Esporte Clube;Blumenau Esporte Clube (1919)
Botafogo Futebol Clube;Botafogo Futebol Clube (João Pessoa)
Botafogo Sport Club;Botafogo Sport Club
Cacerense Esporte Clube;Cacerense Esporte Clube
Cachoeiro Futebol Clube;Cachoeiro Futebol Clube
Espírito Santo Sociedade Esportiva;Espírito Santo Sociedade Esportiva
Capital Clube de Futebol;Capital Clube de Futebol
Catuense Futebol S/A;Catuense Futebol S/A
Caxias Esporte Clube;Caxias Esporte Clube
Cuiabá Esporte Clube;Cuiabá Esporte Clube
Centro de Ensino Unificado de Brasília Esporte Clube;Centro de Ensino Unificado de Brasília Esporte Clube
Centro Sportivo Capelense;Clube Sportivo Capelense
Futebol Clube Atlético Cearense;Futebol Clube Atlético Cearense
Chapadinha Futebol Clube;Chapadinha Futebol Clube
Clube Atlético Aliança;Clube Atlético Aliança
Clube Atlético Carlos Renaux;Clube Atlético Carlos Renaux
Clube Atlético Colatinense;Clube Atlético Colatinense
Clube Atlético Paranaibense;Clube Atlético Paranaibense
Clube Atlético Tubarão;Clube Atlético Tubarão
Clube de Natação e Regatas São Salvador;Clube de Natação e Regatas São Salvador
Clube Esportivo Dom Bosco;Clube Esportivo Dom Bosco
Clube Esportivo Rio Branco;Clube Esportivo Rio Branco
Clube Internacional de Cricket;Clube Internacional de Cricket
Clube Municipal Ananindeua;Clube Municipal Ananindeua
União Recreativo Social Olímpico;União Recreativo Social Olímpico
Clube Náutico Marcílio Dias;Clube Náutico Marcílio Dias
Colo Colo de Futebol e Regatas;Colo Colo de Futebol e Regatas
Comerciário Futebol Clube;Comerciário Futebol Clube
Esporte Clube São Bento;Esporte Clube São Bento
CEA Clube;Companhia de Eletricidade do Amapá Clube
Concórdia Atlético Clube;Concórdia Atlético Clube
Corumbaense Futebol Clube;Corumbaense Futebol Clube
Costa Rica Esporte Clube;Costa Rica Esporte Clube
Coxim Atlético Clube;Coxim Atlético Clube
Democrata Futebol Clube;Democrata Futebol Clube
Plácido de Castro Futebol Club;Plácido de Castro Futebol Club
Veranópolis Esporte Clube Recreativo e Cultural;Veranópolis Esporte Clube Recreativo e Cultural
Galícia Esporte Clube;Galícia Esporte Clube
Aquidauanense Futebol Clube;Aquidauanense Futebol Clube
Esporte Clube Alexandria;Esporte Clube Alexandria
Esporte Clube Barroso;Esporte Clube Barroso
Esporte Clube Comercial;Esporte Clube Comercial
Esporte Clube Internacional de Lages;Esporte Clube Internacional (Lages)
Esporte Clube Ipitanga Bahia;Esporte Clube Ipitanga Bahia
Esporte Clube Macapá;Esporte Clube Macapá
Esporte Clube Metropol;Esporte Clube Metropol
Esporte Clube Poções;Esporte Clube Poções
Real Brasília Futebol Clube;Real Brasília Futebol Clube
Esporte Clube 14 de Julho;Esporte Clube 14 de Julho
Paulínia Futebol Clube;Paulínia Futebol Universitário
Esporte Clube Águia Negra;Esporte Clube Águia Negra
Esporte Clube Próspera;Esporte Clube Próspera
Esporte Clube Primeiro Passo Vitória da Conquista;Esporte Clube Primeiro Passo Vitória da Conquista
Esporte Clube Siderúrgica;Esporte Clube Siderúrgica
Esporte Clube Ypiranga;Esporte Clube Ypiranga
Estrela do Norte Futebol Clube;Estrela do Norte Futebol Clube
Feirense Futebol Clube;Feirense Futebol Clube
Ferroviário Atlético Clube (Maceió);Ferroviário Atlético Clube (Alagoas)
Ferroviário Esporte Clube;Ferroviário Esporte Clube
Sociedade Esportiva Matsubara;Sociedade Esportiva Matsubara
Treze Futebol Clube;Treze Futebol Clube
Nacional Esporte Clube Ltda;Nacional Esporte Clube Ltda
Social Futebol Clube;Social Futebol Clube
Paulista Futebol Clube;Paulista Futebol Clube
Grêmio Esportivo Brasil;Grêmio Esportivo Brasil
Paysandu Sport Club;Paysandu Sport Club
Vila Nova Futebol Clube;Vila Nova Futebol Clube
Goiânia Esporte Clube;Goiânia Esporte Clube
Madureira Esporte Clube;Madureira Esporte Clube
Vitória Futebol Clube;Vitória Futebol Clube (Brasil)
Sport Club Corinthians Alagoano;Sport Club Corinthians Alagoano
Londrina Esporte Clube;Londrina Esporte Clube
Ituano Futebol Clube;Ituano Futebol Clube
Itumbiara Esporte Clube;Itumbiara Esporte Clube
Sociedade Esportiva e Recreativa Caxias do Sul;Sociedade Esportiva e Recreativa Caxias do Sul
JV Lideral Futebol Clube;JV Lideral Futebol Clube
Araguaia Atlético Clube;Araguaia Atlético Clube
Cerâmica Atlético Clube;Cerâmica Atlético Clube
América Futebol Clube;América Futebol Clube (Teófilo Otoni)
São Carlos Futebol Clube;São Carlos Futebol Clube
Palestra Itália Futebol Clube;Palestra Itália Futebol Clube
Grêmio Esportivo Sãocarlense;Grêmio Esportivo Sãocarlense
Alagoinhas Atlético Clube;Alagoinhas Atlético Clube
Clube Atlético Cristal;Clube Atlético Cristal
Baré Esporte Clube;Baré Esporte Clube
Atlético Clube Corintians;Atlético Clube Corintians
Santana Esporte Clube;Santana Esporte Clube
Uberlândia Esporte Clube;Uberlândia Esporte Clube
Marília Atlético Clube;Marília Atlético Clube
Rio Branco Esporte Clube;Rio Branco Esporte Clube
Guarany Futebol Clube;Guarany Futebol Clube
Sport Club Internacional;Sport Club Internacional (São Paulo)
Olaria Atlético Clube;Olaria Atlético Clube
Joinville Esporte Clube;Joinville Esporte Clube
Céres Futebol Clube;Ceres Futebol Clube
Volta Redonda Futebol Clube;Volta Redonda Futebol Clube
Camaçari Futebol Clube;Camaçari Futebol Clube
Clube Atlético Metropolitano;Clube Atlético Metropolitano
Guarany Sporting Club;Guarany Sporting Club
Associação Cultural e Desportiva Potiguar;Associação Cultural e Desportiva Potiguar
Sociedade Esportiva Vila Aurora;Sociedade Esportiva Vila Aurora
Operário Ferroviário Esporte Clube;Operário Ferroviário Esporte Clube
Associação Atlética Portuguesa;Associação Atlética Portuguesa
Rio Branco Football Club;Rio Branco Football Club
Trem Desportivo Clube;Trem Desportivo Clube
Guaratinguetá Futebol Ltda.;Guaratinguetá Futebol Ltda.
Centro Educativo Recreativo Associação Atlética São Mateus;Centro Educativo Recreativo Associação Atlética São Mateus
América Futebol Clube;América Futebol Clube (Amazonas)
Araguaína Futebol e Regatas;Araguaína Futebol e Regatas
Brasília Futebol Clube;Brasília Futebol Clube
São Raimundo Esporte Clube;São Raimundo Esporte Clube (Pará)
Atlético Clube Juventus;Atlético Clube Juventus
Mirassol Futebol Clube;Mirassol Futebol Clube
Esporte Clube Noroeste;Esporte Clube Noroeste
Rio Claro Futebol Clube;Rio Claro Futebol Clube
ADAP/Galo Maringá Futebol Clube;ADAP/Galo Maringá Futebol Clube
Esporte Clube XV de Novembro;Esporte Clube XV de Novembro (Piracicaba)
Boavista Sport Club;Boavista Sport Club
Associação Chapecoense de Futebol;Associação Chapecoense de Futebol
Sport Club Corinthians Paranaense;J.Malucelli Futebol S/A
Mixto Esporte Clube;Mixto Esporte Clube
Clube do Remo;Clube do Remo
Salgueiro Atlético Clube;Salgueiro Atlético Clube
Alecrim Futebol Clube;Alecrim Futebol Clube
Campo Grande Atlético Clube;Campo Grande Atlético Clube
Associação Atlética Anapolina;Associação Atlética Anapolina
Brusque Futebol Clube;Brusque Futebol Clube
Friburguense Atlético Clube;Friburguense Atlético Clube
Goytacaz Futebol Clube;Goytacaz Futebol Clube
Moto Club de São Luís;Moto Club
Clube Recreativo e Atlético Catalano;Clube Recreativo e Atlético Catalano
Esporte Clube Democrata;Esporte Clube Democrata
Esporte Clube Flamengo;Esporte Clube Flamengo
Ferroviário Atlético Clube;Ferroviário Atlético Clube (Ceará)
Fluminense de Feira Futebol Clube;Fluminense de Feira Futebol Clube
Iraty Sport Club;Iraty Sport Club
Clube Esportivo Nova Esperança;Clube Esportivo Nova Esperança
Associação Sportiva Sociedade Unida;Associação Sportiva Sociedade Unida
São Cristóvão de Futebol e Regatas;São Cristóvão de Futebol e Regatas
Clube Atlético Matogrossense;Clube Atlético Matogrossense
Guarani Esporte Clube;Guarani Esporte Clube (Minas Gerais)
Associação Desportiva Ferroviária Vale do Rio Doce;Associação Desportiva Ferroviária Vale do Rio Doce
Clube Esportivo Bento Gonçalves;Clube Esportivo Bento Gonçalves
Grêmio Esportivo Juventus;Grêmio Esportivo Juventus
Náuas Esporte Clube;Náuas Esporte Clube
1º de Maio Esporte Clube;1.º de Maio Esporte Clube
4 de Julho Esporte Clube;4 de Julho Esporte Clube
Alegrense Futebol Clube;Alegrense Futebol Clube
Amapá Clube;Amapá Clube
Americano Futebol Clube (Maranhão);Americano Futebol Clube (Maranhão)
América Football Club (Ceará);América Football Club (Ceará)
América Futebol Clube (Acre);América Futebol Clube (Acre)
América Futebol Clube (São Paulo);América Futebol Clube (São José do Rio Preto)
América Futebol Clube;América Futebol Clube (Santa Catarina)
América Futebol Clube (Vitória);América Futebol Clube (Vitória)
Andirá Esporte Clube;Andirá Esporte Clube
Anápolis Futebol Clube;Anápolis Futebol Clube
Associação Atlética Colatina;Associação Atlética Colatina
Associação Atlética Coruripe;Associação Atlética Coruripe
Associação Atlética Francana;Associação Atlética Francana
Associação Atlética Iguaçu;Associação Atlética Iguaçu
Associação Atlética Luziânia;Associação Atlética Luziânia
Associação Atlética da Bahia;Associação Atlética da Bahia
Associação Atlética Rioverdense;Associação Atlética Rioverdense
Associação Atlética Tiradentes;Associação Atlética Tiradentes
Associação Desportiva Cabofriense;Associação Desportiva Cabofriense
Associação Desportiva Guarany;Associação Desportiva Guarany
Associação Desportiva Leônico;Associação Desportiva Leônico
Associação Desportiva Limoeiro Futebol Clube;Associação Desportiva Limoeiro Futebol Clube
Associação Desportiva Senador Guiomard;Associação Desportiva Senador Guiomard
Associação Desportiva Vasco da Gama;Associação Desportiva Vasco da Gama
Associação Esportiva Tiradentes;Associação Esportiva Tiradentes
Associação Jaguaré Esporte Clube;Associação Jaguaré Esporte Clube
Associação Olímpica de Itabaiana;Associação Olímpica de Itabaiana
Hercílio Luz Futebol Clube;Hercílio Luz Futebol Clube
Ibiraçu Esporte Clube;Ibiraçu Esporte Clube
Igaci Futebol Clube;Igaci Futebol Clube
Imbituba Futebol Clube;Barush Imbituba Sport Club
Independência Futebol Clube;Independência Futebol Clube
Independente Esporte Clube;Independente Esporte Clube
Ipanema Atlético Clube;Ipanema Atlético Clube
Itabuna Esporte Clube;Itabuna Esporte Clube
Itapajé Futebol Clube;Itapajé Futebol Clube
Itapipoca Esporte Clube;Itapipoca Esporte Clube
Tuna Luso Brasileira;Tuna Luso Brasileira
Juazeiro Social Clube;Juazeiro Social Clube
Juventus Esporte Clube;Juventus Esporte Clube
Libermorro Futebol Clube;Libermorro Futebol Clube
Linhares Esporte Clube;Linhares Esporte Clube
Linhares Futebol Clube;Linhares Futebol Clube
Sport Club Maguari;Sport Club Maguari
Football and Athletic Club;Football and Athletic Club
Rio Branco Sport Club;Rio Branco Sport Club
Sociedade Esportiva e Recreativa Juventude;Sociedade Esportiva e Recreativa Juventude
União Agrícola Barbarense Futebol Clube;União Agrícola Barbarense Futebol Clube
Goiatuba Esporte Clube;Goiatuba Esporte Clube
Grêmio Atlético Sampaio (Acre);Grêmio Atlético Sampaio (Acre)
Grêmio Atlético Coariense;Grêmio Atlético Coariense
Grêmio Esportivo Anápolis;Grêmio Esportivo Anápolis
Grêmio Esportivo Jaciara;Grêmio Esportivo Jaciara
Grêmio Esportivo Olímpico;Grêmio Esportivo Olímpico
Guarani Esporte Clube (Ceará);Guarani Esporte Clube (Ceará)
Guarany Atlético Clube;Guarany Atlético Clube
Guarapari Esporte Clube;Guarapari Esporte Clube
Associação Desportiva Bahia de Feira;Associação Desportiva Bahia de Feira
Esporte Clube XV de Novembro;Esporte Clube XV de Novembro (Jaú)
Audax São Paulo Esporte Clube;Grêmio Osasco Audax
Manaos Athletic Club;Manaos Athletic Club
Maracaju Atlético Clube;Maracaju Atlético Clube
Maranguape Futebol Clube;Maranguape Futebol Clube
Maranhão Atlético Clube;Maranhão Atlético Clube
Mineiros Esporte Clube;Mineiros Esporte Clube
Misto Esporte Clube;Misto Esporte Clube
Deportivo La Coruña Brasil Futebol Clube;Deportivo La Coruña Brasil Futebol Clube
Muniz Freire Futebol Clube;Muniz Freire Futebol Clube
Murici Futebol Clube;Murici Futebol Clube
Esporte Clube Flamengo Paraibano;Esporte Clube Flamengo Paraibano
Nacional Fast Clube;Nacional Fast Clube
Nova Iguaçu Futebol Clube;Nova Iguaçu Futebol Clube
Olímpico Clube;Olímpico Clube
Olímpico Pirambu Futebol Clube;Olímpico Pirambu Futebol Clube
Orion Futebol Clube;Orion Futebol Clube
Paissandu Atlético Clube;Paissandu Atlético Clube
Palmas Futebol e Regatas;Palmas Futebol e Regatas
Pantanal Futebol Clube;Pantanal Futebol Clube
Paranoá Esporte Clube;Paranoá Esporte Clube
Pedreira Esporte Clube;Pedreira Esporte Clube
Petropolitano Foot-Ball Club;Petropolitano Foot-Ball Club
Pinheiros Futebol Clube;Pinheiros Futebol Clube
Pioneira Futebol Clube;Pioneira Futebol Clube
Princesa do Solimões Esporte Clube;Princesa do Solimões Esporte Clube
Re-Pa;Re-Pa
Rio Branco de Andradas Futebol Clube;Rio Branco de Andradas Futebol Clube
Operário Futebol Clube Ltda.;Várzea Grande Esporte Clube
River Atlético Clube;River Atlético Clube
Santa Cruz Esporte Clube;Santa Cruz Esporte Clube
Santa Cruz Futebol Clube;Santa Cruz Futebol Clube (Maceió)
Santa Quitéria Futebol Clube;Santa Quitéria Futebol Clube
Santo Antônio Futebol Clube;Santo Antônio Futebol Clube
Santos Futebol Clube Amapá;Santos Futebol Clube (Macapá)
Santos Futebol Clube (Manaus);Santos Futebol Clube (Manaus)
Sociedade Esportiva e Recreativa Chapadão;Sociedade Esportiva e Recreativa Chapadão
Sociedade Esportiva e Recreativa São José;Sociedade Esportiva e Recreativa São José
Sociedade Esportiva Juventude;Sociedade Esportiva Juventude
Sociedade Esportiva Nova Andradina;Sociedade Esportiva Nova Andradina
Sociedade Esportiva Santa Inês;Sociedade Esportiva Santa Inês
Sociedade Esportiva Ypiranga Futebol Clube;Sociedade Esportiva Ypiranga Futebol Clube
Sociedade Esportiva Unaí Itapuã;Unaí Esporte Clube
Sociedade Desportiva Serra Futebol Clube;Serra Futebol Clube
Sociedade Imperatriz de Desportos;Sociedade Imperatriz de Desportos
Sorriso Esporte Clube;Sorriso Esporte Clube
Sport Club Americano;Sport Club Americano (Espírito Santo)
Sport Club Bom Jesus;Sport Club Bom Jesus
Sport Club Luso Brasileiro;Sport Club Luso-Brasileiro
Sport Club Mangueira;Sport Club Mangueira
Sport Club Penedense;Sport Club Penedense
Sport Club Santos Dumont;Sport Club Santos Dumont
Sport Club Ulbra Ji-Paraná;Sport Club Ulbra Ji-Paraná
Sport Clube Camaçariense;Sport Clube Camaçariense
Sul América Esporte Clube;Sul América Esporte Clube
São Francisco Futebol Clube (Acre);São Francisco Futebol Clube (Acre)
São Paulo Futebol Clube (Macapá);São Paulo Futebol Clube (Macapá)
São Raimundo Esporte Clube (Manaus);São Raimundo Esporte Clube (Amazonas)
São Raimundo Esporte Clube (Roraima);São Raimundo Esporte Clube (Roraima)
Atlético Acreano;Atlético Acreano
Atlético Clipper Clube;Atlético Clipper Clube
Atlético Rio Negro Clube (Amazonas);Atlético Rio Negro Clube (Amazonas)
Auto Esporte Clube (Amazonas);Auto Esporte Clube (Amazonas)
Grêmio Esportivo Bagé;Grêmio Esportivo Bagé
Red Bull Bragantino;Red Bull Bragantino
Brasilis Futebol Clube;Brasilis Futebol Clube
São Bernardo Futebol Clube;São Bernardo Futebol Clube
Criciúma Esporte Clube;Criciúma Esporte Clube
Ceilândia Esporte Clube;Ceilândia Esporte Clube
Sport Club Brasil;Sport Club Brasil
Club Sportivo Sergipe;Club Sportivo Sergipe
Agremiação Sportiva Arapiraquense;Agremiação Sportiva Arapiraquense
União São João Esporte Clube;União São João Esporte Clube
Botafogo Futebol Clube;Botafogo Futebol Clube (Ribeirão Preto)
Associação Atlética Aparecidense;Associação Atlética Aparecidense
Associação Cultural Esporte Clube Baraúnas;Associação Cultural Esporte Clube Baraúnas
Associação Atlética Portuguesa;Associação Atlética Portuguesa (Rio de Janeiro)
Bauru Atlético Clube;Bauru Atlético Clube
Americano Futebol Clube;Americano Futebol Clube
Clube 15 de Novembro;Clube 15 de Novembro
Grêmio Esportivo Tiradentes;Grêmio Esportivo Tiradentes
Mogi Mirim Esporte Clube;Mogi Mirim Esporte Clube
Clube Esportivo Naviraiense;Clube Esportivo Naviraiense
Uberaba Sport Club;Uberaba Sport Club
Sertãozinho Futebol Clube;Sertãozinho Futebol Clube
Atlético Roraima Clube;Atlético Roraima Clube
Sampaio Corrêa Futebol Clube;Sampaio Corrêa Futebol Clube
Águia de Marabá Futebol Clube;Águia de Marabá Futebol Clube
Comercial Atlético Clube;Comercial Atlético Clube
Central Sport Club;Central Sport Club
Esporte Clube São José;Esporte Clube São José
Rio Branco Atlético Clube;Rio Branco Atlético Clube
União Sportiva;Sociedade Athlética União Sportiva
União Esporte Clube;União Esporte Clube
União Esportiva Portuguesa;União Esportiva Portuguesa
União Marambaia e Juventude Esporte Clube;União Marambaia e Juventude Esporte Clube
Vilavelhense Futebol Clube;Vilavelhense Futebol Clube
Vênus Atlético Clube;Vênus Atlético Clube
Ypiranga Clube;Ypiranga Clube
Atlético Monte Azul;Atlético Monte Azul
Clube de Natação e Regatas Álvares Cabral;Clube de Natação e Regatas Álvares Cabral
Grêmio Esportivo Renner;Grêmio Esportivo Renner
Itaperuna Esporte Clube;Itaperuna Esporte Clube
Comercial Futebol Clube;Comercial Futebol Clube (Ribeirão Preto)
Resende Futebol Clube;Resende Futebol Clube
Sport Club Americano (São Paulo);Sport Club Americano (São Paulo)
Unisul Esporte Clube;Associação Desportiva Futsal Tubaronense
Arapongas Esporte Clube;Arapongas Esporte Clube
Esporte Clube Aracruz;Esporte Clube Aracruz
Clube Atlético Sorocaba;Clube Atlético Sorocaba
Associação Botafogo Futebol Clube;Associação Botafogo Futebol Clube
Vilhena Esporte Clube;Vilhena Esporte Club
Grêmio Esportivo Novorizontino;Grêmio Esportivo Novorizontino
Gurupi Esporte Clube;Gurupi Esporte Clube
Cametá Sport Club;Cametá Sport Club
Bandeirante Esporte Clube;Bandeirante Esporte Clube
Barcelona Esporte Clube;Barcelona Esporte Clube
Barra Futebol Clube;Barra Futebol Clube (Rio de Janeiro)
Barra Mansa Futebol Clube;Barra Mansa Futebol Clube
Barras Futebol Club;Barras Futebol Club
Barretos Esporte Clube;Barretos Esporte Clube
Batatais Futebol Clube;Batatais Futebol Clube
Bayer Esporte Clube;Bayer Esporte Clube
Bela Vista Futebol Clube (São Gonçalo);Bela Vista Futebol Clube (Rio de Janeiro)
Belo Jardim Futebol Clube;Belo Jardim Futebol Clube
Berga Esporte Clube;Berga Esporte Clube
Boa Viagem Esporte Clube;Boa Viagem Esporte Clube
Botafogo Esporte Clube;Botafogo Esporte Clube
Botafogo Reptiles;Botafogo Reptiles
Bragantino Clube do Pará;Bragantino Clube do Pará
Club de Regatas Vasco da Gama;Club de Regatas Vasco da Gama
Caiçara Esporte Clube;Caiçara Esporte Clube
Camboriú Futebol Clube;Camboriú Futebol Clube
Canoas Futebol Clube;Canoas Futebol Clube
Capivariano Futebol Clube;Capivariano Futebol Clube
Cardoso Moreira Futebol Clube;Cardoso Moreira Futebol Clube
Cascavel Clube Recreativo;Cascavel Clube Recreativo
Cascavel Esporte Clube;Cascavel Esporte Clube
Casimiro de Abreu Esporte Clube;Casimiro de Abreu Esporte Clube
Castanhal Esporte Clube;Castanhal Esporte Clube
Castelo Futebol Clube;Castelo Futebol Clube
Caucaia Esporte Clube;Caucaia Esporte Clube
Centro de Desenvolvimento Comunitário Manicoré;CDC Manicoré Esporte Clube
Centro Esportivo Olhodagüense;Centro Esportivo Olhodaguense
Centro Limoeirense de Futebol;Centro Limoeirense de Futebol
Centro Sportivo Maruinense;Centro Sportivo Maruinense
Centro Sportivo Paraibano;Centro Sportivo Paraibano
Clube Atlético Alto Vale;Clube Atlético Alto Vale
Clube Atlético Assisense;Clube Atlético Assisense
Clube Atlético Carazinho;Clube Atlético Carazinho
Clube Atlético Castelo Branco;Clube Atlético Castelo Branco
Clube Atlético Bandeirante;Clube Atlético Taguatinga
Íbis Sport Club;Íbis Sport Club
Sport Club Mackenzie;Sport Club Mackenzie
Esporte Clube Pau Grande;Esporte Clube Pau Grande
Penarol Atlético Clube;Penarol Atlético Clube
Auto Esporte Clube;Auto Esporte Clube (Piauí)
Ji-Paraná Futebol Clube;Ji-Paraná Futebol Clube
Sport Club São Paulo;Sport Club São Paulo
Centro de Futebol Zico do Rio Sociedade Esportiva;Centro de Futebol Zico do Rio Sociedade Esportiva
Osasco Futebol Clube;Futebol Clube SKA Brasil
Sociedade Esportiva River Plate;Sociedade Esportiva River Plate
Sport Club Santa Cruz;Sport Club Santa Cruz
Tocantins Futebol Clube;Tocantins Futebol Clube
Bosque Formosa Esporte Clube;Bosque Formosa Esporte Clube
Abaeté Futebol Clube;Abaeté Futebol Clube
Academia Desportiva Manthiqueira;Academia Desportiva Manthiqueira
Agremiação Esportiva Canedense;Agremiação Esportiva Canedense
Esporte Clube Internacional;Inter de Santa Maria
Alto Acre Futebol Club;Alto Acre Futebol Club
Amadense Esporte Clube;Amadense Esporte Clube
América Futebol Clube (Caaporã);América Futebol Clube (Caaporã)
América Futebol Clube (Paraná);América Futebol Clube (Paraná)
América Futebol Clube (Pernambuco);América Futebol Clube (Pernambuco)
América Futebol Clube;América Futebol Clube (Sergipe)
América Futebol Clube (Três Rios);América Futebol Clube (Três Rios)
Américo Esporte Clube;Américo Esporte Clube
Angra dos Reis Esporte Clube;Angra dos Reis Esporte Clube
Aperibeense Futebol Clube;Aperibeense Futebol Clube
Apucarana Atlético Clube;Apucarana Atlético Clube
Araripina Futebol Clube;Araripina Futebol Clube
Araxá Esporte Clube;Araxá Esporte Clube
Ariquemes Futebol Clube;Ariquemes Futebol Clube
Arsenal Atividades Desportivas Sport Club;Arsenal Atividades Desportivas Sport Club
Associação Atlética Alvorada;Associação Atlética Alvorada
Associação Atlética Carapebus;Associação Atlética Carapebus
Associação Atlética Cori-Sabbá;Associação Atlética Corisabbá
Associação Atlética Ferroviária (Botucatu);Associação Atlética Ferroviária (Botucatu)
Associação Atlética Flamengo;Associação Atlética Flamengo
Associação Atlética Batel;Batel Guarapuava
Artsul Futebol Clube;Univassouras Artsul Futebol Clube
Associação Atlética Guarany;Associação Atlética Guarany
Associação Atlética Internacional (Bebedouro);Associação Atlética Internacional (Bebedouro)
Associação Atlética Nova Venécia;Associação Atlética Nova Venécia
Associação Atlética São Bento;Associação Atlética São Bento (São Paulo)
Associação Boquinhense de Desporto;Associação Boquinhense de Desporto
Associação Cultural e Desportiva Potyguar Seridoense;Associação Cultural e Desportiva Potyguar Seridoense
Associação Desportiva Cabense;Associação Desportiva Cabense
Associação Desportiva Guarabira;Associação Desportiva Guarabira
Associação Desportiva Guarujá;Associação Desportiva Guarujá
Associação Desportiva Socorrense;Associação Desportiva Socorrense
Associação Esportiva Araçatuba;Associação Esportiva Araçatuba
Associação Esportiva Colorado;Associação Esportiva Colorado
Associação Esportiva Real;Associação Esportiva Real
Associação Esportiva Recreativa Engenheiro Beltrão;Associação Esportiva Recreativa Engenheiro Beltrão
Associação Esportiva Santacruzense;Associação Esportiva Santacruzense
Associação Esportiva Social e Recreativa Riopardense;Associação Esportiva Social e Recreativa Riopardense
Associação Esportiva Velo Clube Rioclarense;Associação Esportiva Velo Clube Rioclarense
Associação Ferroviária de Esportes;Associação Ferroviária de Esportes
Associação Desportiva Perilima;Desportiva Perilima de Futebol Ltda
Associação Esportiva e Recreativa Santo Ângelo;Sociedade Esportiva e Recreativa Santo Ângelo
Associação Atlética Santa Rita;Sport Club Santa Rita
Associação Maga Esporte Clube;Associação Maga Esporte Clube
Associação Nova Prata de Esportes Cultura e Lazer;Associação Nova Prata de Esportes Cultura e Lazer
Associação Portuguesa Londrinense;Associação Portuguesa Londrinense
Associação Sportiva São Domingos;Associação Sportiva São Domingos
Associação Trairiense de Futebol;Associação Trairiense de Futebol
Associação Xanxerense de Futebol;Associação Xanxerense de Futebol
Atlético Cajazeirense de Desportos;Atlético Cajazeirense de Desportos
Atlético Clube Lagartense;Atlético Clube Lagartense
Atlético Clube Paranavaí;Atlético Clube Paranavaí
Atlético Progresso Clube;Atlético Progresso Clube
Atlético Rio Negro Clube;Atlético Rio Negro Clube (Roraima)
Serrano Foot Ball Club;Serrano Football Club
Auto Esporte Clube;Auto Esporte Clube (Paraíba)
Clube Atlético Portal;Atlético Uberlândia
Clube Atlético Linense;Clube Atlético Linense
Clube Atlético Monte Alegre;Clube Atlético Monte Alegre
Clube Atlético Patrocinense;Clube Atlético Patrocinense
Clube Atlético Paulista;Clube Atlético Paulista
Clube Atlético Paulistinha;Clube Atlético Paulistinha
Clube Atlético Penapolense;Clube Atlético Penapolense
Clube Atlético Pimentense;Clube Atlético Pimentense
Clube Atlético Pirassununguense;Clube Atlético Pirassununguense
Clube Atlético Taboão da Serra;Clube Atlético Taboão da Serra
Clube Atlético Taquaritinga;Clube Atlético Taquaritinga
Clube Atlético Votuporanguense;Clube Atlético Votuporanguense
Clube Esportivo Aimoré;Clube Esportivo Aimoré
Clube Esportivo de Futebol;Clube Esportivo de Futebol
Clube Esportivo Lajeadense;Clube Esportivo Lajeadense
Clube Esportivo Paysandu;Clube Esportivo Paysandu
Centro de Futebol Amazônia;Centro de Futebol Amazônia
Clube de Regatas Flamengo (RO);Clube de Regatas Flamengo (Porto Velho)
Clube Esportivo Passense de Futebol e Cultura;Clube Esportivo Passense de Futebol e Cultura
Clube Atlético Campoverdense;Clube Recreativo Atlético Campoverdense
Colatina Sociedade Esportiva;Colatina Sociedade Esportiva
Colinas Esporte Clube;Colinas Esporte Clube
Colorado Esporte Clube;Colorado Esporte Clube
Comercial Futebol Clube (Alagoas);Futebol Clube Comercial de Viçosa
Concórdia Futebol Clube;Concórdia Futebol Clube
Confiança Esporte Clube;Confiança Esporte Clube
Botafogo Futebol Clube de Jaguaré;Conilon Futebol Clube de Jaguaré
Cordino Esporte Clube;Cordino Esporte Clube
Cotinguiba Esporte Clube;Cotinguiba Esporte Clube
Crateús Esporte Clube;Crateús Esporte Clube
Crato Esporte Clube;Crato Esporte Clube
Cruzeiro Esporte Clube (Rondônia);Cruzeiro Esporte Clube (Rondônia)
Cruzeiro Futebol Clube (Bahia);Cruzeiro Futebol Clube (Bahia)
Elosport Capão Bonito;Elosport Capão Bonito
Roma Esporte Apucarana;Roma Esporte Apucarana
Esporte Clube Avenida;Esporte Clube Avenida
Esporte Clube Campo Grande;Esporte Clube Campo Grande
Esporte Clube Comercial (Paraná);Esporte Clube Comercial (Paraná)
Coimbra Esporte Clube;Coimbra FC Porto
Clube Ferroviário do Recife;Clube Ferroviário do Recife
Esporte Clube Corinthians;Esporte Clube Corinthians
Esporte Clube de Patos;Esporte Clube de Patos
Esporte Clube Espigão;Esporte Clube Espigão
Esporte Clube Guarani;Esporte Clube Guarani
Esporte Clube Igrejinha;Esporte Clube Igrejinha
Esporte Clube Itaúna;Esporte Clube Itaúna
Esporte Clube Jacuipense;Esporte Clube Jacuipense
Esporte Clube Mamoré;Esporte Clube Mamoré
Esporte Clube Milan;Esporte Clube Milan
Esporte Clube Nacional;Esporte Clube Nacional
Esporte Clube Nova Cidade;Esporte Clube Nova Cidade
Esporte Clube Osasco;Esporte Clube Osasco
Esporte Clube Paraguaçuense;Esporte Clube Paraguaçuense
Esporte Clube Primavera;Esporte Clube Primavera
Esporte Clube Propriá;Esporte Clube Propriá
Esporte Clube Rio Verde;Esporte Clube Rio Verde
Esporte Clube São João da Barra;Esporte Clube São João da Barra
Esporte Clube São Luiz;Esporte Clube São Luiz
Esporte Clube Taubaté;Esporte Clube Taubaté
Esporte Clube Tupy;Esporte Clube Tupy
Esporte Clube Uruguaiana;Esporte Clube Uruguaiana
Esporte Clube Viana;Esporte Clube Viana
Esporte Clube XV de Novembro (Caraguatatuba);Esporte Clube XV de Novembro (Caraguatatuba)
Fabril Esporte Clube;Fabril Esporte Clube
Fernandópolis Futebol Clube;Fernandópolis Futebol Clube
Ferroviário Atlético Clube;Ferroviário Atlético Clube (Rondônia)
Ferroviário Esporte Clube (Serra Talhada);Ferroviário Esporte Clube (Serra Talhada)
Flamengo Esporte Clube de Arcoverde;Flamengo Sport Club de Arcoverde
Fonseca Atlético Clube;Fonseca Atlético Clube
Formiga Esporte Clube;Formiga Esporte Clube
Grêmio de Esportes Maringá;Grêmio de Esportes Maringá
Francisco Beltrão Futebol Clube;Francisco Beltrão Futebol Clube
Futebol Clube Cascavel;Futebol Clube Cascavel
Futebol Clube do Porto (Porto União);Futebol Clube do Porto (Porto União)
Futebol Clube Primeira Camisa;Futebol Clube Primeira Camisa
Futebol Clube Santa Cruz;Futebol Clube Santa Cruz
Fénix 2005 Futebol Clube;Fênix 2005 Futebol Clube
Gavião Kyikatejê Futebol Clube;Gavião Kyikatejê Futebol Clube
Goianésia Esporte Clube;Goianésia Esporte Clube
Grande Rio Bréscia Clube;Grande Rio Bréscia Clube
Grapiúna Atlético Clube;Grapiúna Atlético Clube
Grêmio Atlético Sampaio;Grêmio Atlético Sampaio
Grêmio Catanduvense de Futebol;Grêmio Catanduvense de Futebol
Porto Alegre Futebol Clube;Porto Alegre Futebol Clube
Independente Futebol Clube;Independente Futebol Clube (Limeira)
Instituto de Administração de Projetos Educacionais Futebol Clube;Instituto de Administração de Projetos Educacionais Futebol Clube
Internacional Futebol Clube;International Foot-Ball Club
Interporto Futebol Clube;Interporto Futebol Clube
Itacuruba Sport Club;Itacuruba Sport Club
Ivinhema Futebol Clube;Ivinhema Futebol Clube
Jabaquara Atlético Clube;Jabaquara Atlético Clube
Jaboticabal Atlético;Jaboticabal Atlético
Jacareí Atlético Clube;Jacareí Atlético Clube
Paraná Soccer Technical Center;Paraná Soccer Technical Center
Jacutinga Atlético Clube;Jacutinga Atlético Clube
Junior Team Futebol;Junior Team Futebol
Juventus Futebol Clube;Juventus Futebol Clube
Kaburé Esporte Clube;Kaburé Esporte Clube
Monte Cristo Esporte Clube;Monte Cristo Esporte Clube
Monte Rey Futebol Clube;Monte Rey Futebol Clube
Navegantes Esporte Clube;Canoinhas Atlético Clube (2006)
Nerópolis Esporte Clube;Itauçu Esporte Clube
Montes Claros Futebol Clube;Montes Claros Esporte Clube
Mossoró Esporte Clube;Mossoró Esporte Clube
Municipal Futebol Clube;Municipal Futebol Clube
Nacional Atlético Clube (Porto Alegre);Nacional Atlético Clube (Porto Alegre)
Nacional Esporte Clube;Nacional Esporte Clube
Nacional FootBall Club;Nacional FootBall Club
Niteroiense Futebol Clube;Niteroiense Futebol Clube
Nova Friburgo Futebol Clube;Nova Friburgo Futebol Clube
Novo Futebol Clube;Novo Futebol Clube
Pacatuba Esporte Clube;Lista de clássicos de futebol do Ceará
Oeiras Atlético Clube;Oeiras Atlético Clube
Oeste Futebol Clube (Chapecó);Oeste Futebol Clube (Xaxim)
Olinda Futebol Clube;Olinda Futebol Clube
Olympico Club (Belo Horizonte);Olympico Club (Belo Horizonte)
Ordem e Progresso Futebol Clube;Ordem e Progresso Futebol Clube
Oriente Foot-Ball Club;Oriente Foot-Ball Club
Ouro Preto Esporte Clube;Ouro Preto Esporte Clube
Ouro Velho Esporte Clube;Ouro Velho Esporte Clube
Paduano Esporte Clube;Paduano Esporte Clube
Paladino Foot-Ball Club;Paladino Foot-Ball Club
Palestra Futebol Clube (Sergipe);Palestra Futebol Clube (Sergipe)
Palestra Itália de São Carlos;Palestra Itália de São Carlos
Palmácia Esporte Clube;Palmácia Esporte Clube
Palmeiras Atlético Clube;Palmeiras Atlético Clube
Palmeiras Foot Ball Club;Palmeiras Foot Ball Club
Palmeiras Futebol Clube;Palmeiras Futebol Clube
Palmeiras Locomotives;Palmeiras Locomotives
Paraíba do Sul Futebol Clube;Paraíba do Sul Futebol Clube
Paracuru Atlético Clube;Paracuru Atlético Clube
Paragominas Futebol Clube;Paragominas Futebol Clube
Parahyba Foot Ball Club;Parahyba Foot Ball Club
Parahyba United;Parahyba United
Parecis Sociedade Esportiva;Parecis Sociedade Esportiva
Parquinho Futebol Clube;Parquinho Futebol Clube
Passagem Futebol Clube;Passagem Futebol Clube
Passos Futebol Clube;Passos Futebol Clube
Paulista Esporte Clube;Paulista Esporte Clube
Paulista Futebol Clube (Araraquara);Paulista Futebol Clube (Araraquara)
Pavunense Futebol Clube;Pavunense Futebol Clube
Lagarto Futebol Clube;Lagarto Futebol Clube
Laranjeiras Esporte Clube;Laranjeiras Esporte Clube
Lauro Müller Futebol Clube;Lauro Müller Futebol Clube
Luzitano Futebol Clube;Luzitano Futebol Clube
Macau Esporte Clube;Macau Esporte Clube
Compensão Esporte Clube;Compensão Esporte Clube
Maracanã Esporte Clube;Maracanã Esporte Clube
Marília Futebol Clube;Marília Futebol Clube
Mesquita Futebol Clube;Mesquita Futebol Clube
Miramar Esporte Clube;Miramar Esporte Clube
Morrinhos Futebol Clube;Morrinhos Futebol Clube
Moto Esporte Clube;Moto Esporte Clube
Nacional Atlético Clube (Cabedelo);Nacional Atlético Clube (Cabedelo)
Nacional Atlético Clube (Muriaé);Nacional Atlético Clube (Muriaé)
Nacional Atlético Clube;Nacional Atlético Clube (Patos)
Nacional Atlético Clube;Nacional Atlético Clube (São Paulo)
Nacional Futebol Clube (Uberaba);Nacional Futebol Clube (Uberaba)
Esporte Clube Água Santa;Esporte Clube Água Santa
Nova Xavantina Esporte Clube;Nova Xavantina Esporte Clube
Novo Horizonte Futebol Clube;Novo Horizonte Futebol Clube
Náutico Futebol Clube;Náutico Futebol Clube
Payssandu Futebol Clube;Paysandu Foot-Ball Club
Peñarol Sport Club;Peñarol Sport Club
Pery Ferroviário Esporte Clube;Pery Ferroviário Esporte Clube
Pesqueira Futebol Clube;Pesqueira Futebol Clube
Picuí Club;Picuí Club
Pinheiro Atlético Clube;Pinheiro Atlético Clube
Piracanjuba Esporte Clube;Piracanjuba Esporte Clube
Pirapora Futebol Clube;Pirapora Futebol Clube
Piratas de Copacabana Futebol Americano;Piratas de Copacabana Futebol Americano
Pires do Rio Futebol Clube;Pires do Rio Futebol Clube
Pompeia Futebol Clube;Pompeia Futebol Clube
Porto Alegre Pumpkins;Porto Alegre Pumpkins
Porto Velho Futebol Clube;Porto Velho Futebol Clube
Portuguesa Futebol Clube;Portuguesa Futebol Clube
Pouso Alegre Futebol Clube;Pouso Alegre Futebol Clube
Presidente Prudente Futebol Clube;Presidente Prudente Futebol Clube
Professorado Campestre Clube;Professorado Campestre Clube
Progresso Foot-Ball Club;Progresso Foot-Ball Club
Prudentino Futebol Clube;Prudentino Futebol Clube
Raiz da Gávea Esporte Clube;Raiz da Gávea Esporte Clube
Ramalat Sport Club;Ramalat Sport Club
Ratrans Esporte Clube;Ratrans Esporte Clube
Real Brasil Clube de Futebol;Real Brasil Clube de Futebol
Real Esporte Clube;Real Esporte Clube
Real Esportivo e Recreativo Beltronense;Real Esportivo e Recreativo Beltronense
Real Sociedade Independente;Real Sociedade Independente
Real Sport Arte Clube;Real Sport Arte Clube
Recreativo Nova Estrela;Recreativo Nova Estrela
Redenção Esporte Clube;Redenção Esporte Clube
Redenção Futebol Clube;Redenção Futebol Clube
Riachão Esporte Clube;Riachão Esporte Clube
Riachuelo Atlético Clube;Riachuelo Atlético Clube
Riachuelo Atlético Clube (Natal);Riachuelo Atlético Clube (Natal)
Riachuelo Futebol Clube (Corumbá);Riachuelo Futebol Clube (Corumbá)
Ribeirão Bonito Esporte Clube;Ribeirão Bonito Esporte Clube
Rio Branco Esporte Clube (Sergipe);Rio Branco Esporte Clube (Sergipe)
Rio Branco Futebol Clube (Espírito Santo);Rio Branco Futebol Clube
Rio Cricket e Associação Atlética;Rio Cricket Associação Atlética
Rio das Ostras Futebol Clube;Rio das Ostras Futebol Clube
Rio de Janeiro Minotauros;Rio de Janeiro Minotauros
Rio de Janeiro Sharks;Rio de Janeiro Sharks
Rio Pardo Futebol Clube;Rio Pardo Futebol Clube
Riostrense Esporte Clube;Riostrense Esporte Clube
River Football Club;River Football Club
River Ilheense Esporte Clube;River Ilheense Esporte Clube
Rio Branco de Bagé;Sport Club Rio Branco
Roma Esporte Clube;Roma Esporte Clube
Pinheirense Esporte Clube;Pinheirense Esporte Clube
Sociedade Esportiva Alvorada Club;Maringá Futebol Clube
Ruy Barbosa Futebol Clube;Ruy Barbosa Futebol Clube
Sabugy Futebol Clube;Sabugy Futebol Clube
Sacramenta Esporte Clube Beneficente;Sacramenta Esporte Clube Beneficente
Salvador Futebol Clube;Salvador Futebol Clube
Samambaia Futebol Clube;Samambaia Futebol Clube
Santa Catarina Clube;Santa Catarina Clube
Santa Cruz do Sul Chacais;Santa Cruz do Sul Chacais
Santa Cruz Futebol Clube (Fortaleza);Santa Cruz Futebol Clube (Fortaleza)
Santa Cruz Futebol Clube (Minas Gerais);Santa Cruz Futebol Clube (Minas Gerais)
Santa Rita Esporte Clube;Santa Rita Esporte Clube
Santarritense Futebol Clube;Santarritense Futebol Clube
Saquarema Futebol Clube;Saquarema Futebol Clube
Savóia Futebol Clube;Savóia Futebol Clube
Sem Rival Sport Club;Sem Rival Sport Club
Semeando Cidadania Futebol Clube;Semeando Cidadania Futebol Clube
Senzala Futebol Clube;Senzala Futebol Clube
Sergipe Bravos;Sergipe Bravos
Sete de Setembro Futebol Clube;Sete de Setembro Futebol Clube
Social Esportiva Vitória;Social Esportiva Vitória
Sociedade Ação Futebol;Sociedade Ação Futebol
Sociedade Desportiva Borborema;Sociedade Desportiva Borborema
Sociedade Desportiva e Recreativa União;Sociedade Desportiva e Recreativa União
Sociedade Desportiva Sete de Setembro de Cupira;Sociedade Desportiva Sete de Setembro de Cupira
Sociedade Egipciense;Sociedade Egipciense Futebol Clube
Sociedade Esportiva Alecrinense;Sociedade Esportiva Alecrinense
Sociedade Esportiva Aureny III;Sociedade Esportiva Aureny III
Sociedade Esportiva e Cultural Flamengo;Sociedade Esportiva e Cultural Flamengo
Sociedade Esportiva Recreativa Perdigão;Sociedade Esportiva e Recreativa Perdigão
Sociedade Esportiva e Recreativa Vinte de Setembro;Sociedade Esportiva e Recreativa Vinte de Setembro
Sociedade Esportiva Guaxupé;Sociedade Esportiva Guaxupé
Sociedade Esportiva Ilha Solteira;Sociedade Esportiva Ilha Solteira
Sociedade Esportiva Jateiense;Sociedade Esportiva Jateiense
Sociedade Esportiva Palmeiras (Pato Branco);Sociedade Esportiva Palmeiras (Pato Branco)
Sociedade Esportiva Palmeiras Usina Furlan;Sociedade Esportiva Palmeiras Usina Furlan
Sociedade Esportiva Planaltina;Sociedade Esportiva Planaltina
Sociedade Esportiva Platinense;Sociedade Esportiva Platinense
Sociedade Esportiva Pontaporanense;Sociedade Esportiva Pontaporanense
Sociedade Esportiva Queimadense;Sociedade Esportiva Queimadense
Sociedade Esportiva São Borja;Sociedade Esportiva São Borja
Sociedade Esportiva Sanjoanense;Sociedade Esportiva Sanjoanense
Sociedade Esportiva Santa Maria;Sociedade Esportiva Santa Maria
Sociedade Esportiva Sidrolândia;Sociedade Esportiva Sidrolândia
Sociedade Operária Beneficente Iguaçu;Sociedade Operária Beneficente Esportiva Iguaçu
Sport Club Capixaba;Capixaba Sport Club
Sorocaba Vipers;Sorocaba Vipers
Sport Club Aymorés;Sport Club Aymorés
Sport Club Bagé;Sport Club Bagé
Sport Club Bahiano;Sport Club Bahiano
Sport Club Campo Mourão;Sport Club Campo Mourão
Sport Club Foot-Ball (Belo Horizonte);Sport Club Foot-Ball (Belo Horizonte)
Sport Club Guarany (Rosário do Sul);Sport Club Guarany (Rosário do Sul)
Sport Club Jaraguá;Sport Club Jaraguá
Sport Club Juiz de Fora;Sport Club Juiz de Fora
Sport Club Campina Grande;Sport Club Lagoa Seca
Sport Club Ouricuri;Sport Club Ouricuri
Sociedade Esportiva Decisão Futebol Clube;Decisão Goiana Futebol Clube
Sociedade Esportiva e Recreativa Castelense;Forte Futebol Clube
Sociedade Sportiva Sete de Setembro;Sporting Futebol Clube
Palestra de São Bernardo;Palestra de São Bernardo
Palmeira Futebol Clube da Una;Palmeira Futebol Clube
Palmeiras Nordeste Futebol Ltda.;Palmeiras Nordeste Futebol Ltda.
Parauapebas Futebol Clube;Parauapebas Futebol Clube
Parnahyba Sport Club;Parnahyba Sport Club
Pato Branco Esporte Clube;Pato Branco Esporte Clube
Paula Ramos Esporte Clube;Paula Ramos Esporte Clube
Sociedade Esportiva Patrocinense;Sociedade Esportiva Patrocinense
Petrolina Social Futebol Clube;Petrolina Social Futebol Clube
Piauí Esporte Clube;Piauí Esporte Clube
Planaltina Esporte Clube;Planaltina Esporte Clube
Auritânia Foz do Iguaçu Futebol Clube;Foz do Iguaçu Futebol Clube
Ponta Grossa Esporte Clube;Ponta Grossa Esporte Clube
Ponta Porã Sociedade Esportiva;Ponta Porã Sociedade Esportiva
Ponte Preta Sumaré Futebol Clube;Ponte Preta Sumaré Futebol Clube
Quissamã Futebol Clube;Quissamã Futebol Clube
Radium Futebol Clube;Radium Futebol Clube
Real Noroeste Capixaba Futebol Clube;Real Noroeste Capixaba Futebol Clube
Riachuelo Futebol Clube;Riachuelo Futebol Clube
Rio Bananal Futebol Clube;Rio Bananal Futebol Clube
Prudentópolis Esporte Clube;Prudentópolis Esporte Clube
Riograndense Futebol Clube;Riograndense Futebol Clube
River Esporte Clube;River Esporte Clube
Rodoviário Piraí Futebol Clube;Rodoviário Piraí Futebol Clube
Rolim de Moura Esporte Clube;Rolim de Moura Esporte Clube
Rondonópolis Esporte Clube;Rondonópolis Esporte Clube
Rubro Social Esporte Clube;Rubro Social Esporte Clube
Sabiá Futebol Clube;Sabiá Futebol Clube
Sampaio Corrêa Futebol e Esporte;Sampaio Corrêa Futebol e Esporte
Santa Cruz Futebol Clube (Rio de Janeiro);Santa Cruz Futebol Clube (Rio de Janeiro)
Santa Cruz Recreativo Esporte Clube;Santa Cruz Recreativo Esporte Clube
Santa Helena Esporte Clube;Santa Helena Esporte Clube
Santa Rosa Esporte Clube;Santa Rosa Esporte Clube
Santos Futebol Clube (João Pessoa);Santos Futebol Clube (Paraíba)
Scottish Wanderers Football Club;Scottish Wanderers Football Club
Serrano Centro-Sul Esporte Clube;Prudentópolis Futebol Clube
Serra Macaense Futebol Clube;Serra Macaense Futebol Clube
Serra Talhada Futebol Clube;Serra Talhada Futebol Clube
Serrano Sport Club;Serrano Sport Club
Sete de Junho Esporte Clube;Sete de Junho Esporte Clube
Sete de Setembro Esporte Clube;Sete de Setembro Esporte Clube
Serra Branca Esporte Clube;Serra Branca Esporte Clube
Sociedade Esportiva Ariquemes;Sociedade Esportiva Ariquemes
Sociedade Esportiva Itapirense;Sociedade Esportiva Itapirense
Sociedade Esportiva Palmeiras B;Sociedade Esportiva Palmeiras B
Sociedade Esportiva Brazlândia;Brazlândia Futebol Clube
Sá Viana Futebol Clube;Sá Viana Futebol Clube
São Domingos Esporte Clube;São Domingos Esporte Clube
São Francisco Futebol Clube (Roraima);São Francisco Futebol Clube (Roraima)
São Francisco Futebol Clube (Santarém);São Francisco Futebol Clube (Santarém)
São Gonçalo Esporte Clube;São Gonçalo Esporte Clube
São Gonçalo Futebol Clube (Rio de Janeiro);São Gonçalo Futebol Clube (Rio de Janeiro)
São João de Meriti Futebol Clube;São João de Meriti Futebol Clube
São Paulo da Floresta;São Paulo da Floresta
São Paulo Futebol Clube (Araçatuba);São Paulo Futebol Clube (Araçatuba)
São Paulo Futebol Clube (Araraquara);São Paulo Futebol Clube (Araraquara)
São Paulo Futebol Clube (São João de Meriti);São Paulo Futebol Clube (São João de Meriti)
São Paulo Railway Athletic Club;São Paulo Railway Athletic Club
São Paulo Storm;São Paulo Storm
São Pedro Atlético Clube;São Pedro Atlético Clube
Sport Club Sorocabano;Sport Club Sorocabano
Sport Club Tangará;Sport Club Tangará
Sport Clube Paraná;Sport Clube Paraná
Sport Clube São José;Sport Clube São José
Sport Clube Santa Cruz (Estância);Sport Clube Santa Cruz (Estância)
Stella Foot-Ball Club;Stella Foot-Ball Club
Tabajara Futebol Clube;Tabajara Futebol Clube
Tabajara-Guaíba Futebol Clube;Tabajara-Guaíba Futebol Clube
Taguatinga Esporte Clube;Taguatinga Esporte Clube
Trindade Atlético Clube;Trindade Atlético Clube
Esporte Clube Cruzeiro;Esporte Clube Cruzeiro (Porto Alegre)
Grêmio Esportivo Inhumense;Grêmio Esportivo Inhumense
Ubiratan Esporte Clube;Ubiratan Esporte Clube
Clube Atlético Ferroviário (Curitiba);Clube Atlético Ferroviário (Paraná)
Clube Atlético Guaçuano;Clube Atlético Guaçuano
Clube Atlético Lençoense/Bariri;Clube Atlético Lençoense/Bariri
Clube Atlético Jalesense;Jalesense Atlético Clube
Estanciano Esporte Clube;Estanciano Esporte Clube
Grêmio Atlético Farroupilha;Grêmio Atlético Farroupilha
Grêmio Esportivo Catanduvense;Grêmio Esportivo Catanduvense
Grêmio Esportivo Glória;Grêmio Esportivo Glória
Grêmio Esportivo Mauaense;Grêmio Esportivo Mauaense
Grêmio Esportivo Osasco;Grêmio Esportivo Osasco
Grêmio Esportivo Sapucaiense;Grêmio Esportivo Sapucaiense
Guanabara Esporte Clube;Guanabara Esporte Clube
Guanambi Atlético Clube;Guanambi Atlético Clube
Guarany Futebol Clube (Camaquã);Guarany Futebol Clube (Camaquã)
Olé Brasil Futebol Clube;Olé Brasil Futebol Clube
Olímpico Esporte Clube;Olímpico Esporte Clube
Operário Atlético Clube;Operário Atlético Clube
Operário Esporte Clube;Operário Esporte Clube
Osvaldo Cruz Futebol Clube;Osvaldo Cruz Futebol Clube
Espírito Santo Futebol Clube;Gálatas Esporte Clube
Jacareí Futebol Clube;Jacareí Futebol Clube
Tanguá Esporte e Cultura;Petrópolis Futebol Clube
Tamandaré Esporte Clube;Tamandaré Esporte Clube
Tarumã Esporte Clube;Tarumã Esporte Clube
Telêmaco Borba Esporte Clube;Telêmaco Borba Esporte Clube
Time Negra Carajás Clube;Carajás Esporte Clube
Teotônio Esporte Clube;Teotônio Esporte Clube
Theresinense Foot-Ball Club;Theresinense Foot-Ball Club
Tianguá Esporte Clube;Tianguá Esporte Clube
Timon Esporte Clube;Timon Esporte Clube
Tiradentes Esporte Clube;Tiradentes Esporte Clube
Trabalhista Futebol Clube;Trabalhista Futebol Clube
Tramways Sport Club;Tramways Sport Club
Tremembé Futebol Clube;Tremembé Futebol Clube
Tubarão Esporte Clube;Tubarão Esporte Clube
Tubarões do Cerrado;Tubarões do Cerrado
Tuiuti Esporte Clube;Tuiuti Esporte Clube
Tupy Sport Club;Tupy Sport Club
Uchoa Futebol Clube;Uchoa Futebol Clube
Umuarama Esporte Clube;Umuarama Esporte Clube
União Atlética Araguainense;União Atlética Araguainense
União Cruzeirense de Esportes;União Cruzeirense de Esportes
União Esportiva Coelho da Rocha;União Esportiva Coelho da Rocha
União Esportiva Itaberaí;União Esportiva Inhumas
União Esportiva Rochdale;União Esportiva Rochdale
União Fluminense Futebol Clube;União Fluminense Futebol Clube
União Futebol Clube (Alagoas);União Futebol Clube (Alagoas)
União Lapa Futebol Clube;União Lapa Futebol Clube
União Luziense Esporte Clube;União Luziense Esporte Clube
União Nacional Futebol Clube;União Nacional Futebol Clube
União Operário Esportivo e Recreativo;União Operário Esportivo e Recreativo
União Platinense de Esportes;União Platinense de Esportes
Unidos do IV Centenário Futebol Clube;Unidos do IV Centenário Futebol Clube
Universal Futebol Clube;Universal Futebol Clube
Uruaçu Futebol Clube;Uruaçu Futebol Clube
Uruburetama Futebol Clube;Uruburetama Futebol Clube
Vasco Big Riders;Big Riders Futebol Americano
Varginha Esporte Clube;Varginha Esporte Clube
Vasco da Gama Futebol Clube (Maranhão);Vasco da Gama Futebol Clube
Vila Velha Tritões;Tritões Futebol Americano
Vila Nova Futebol Clube (Espírito Santo);Vila Nova Futebol Clube (Espírito Santo)
Vila Operária Clube Esporte Mariano;Vila Operária Clube Esporte Mariano
Vila Passagem;Vila Passagem
Vila São João Futebol Clube;Vila São João Futebol Clube
Várzea Futebol Clube;Várzea Futebol Clube
Visão Celeste Esporte Clube;Visão Celeste Esporte Clube
Vitória Antares;Vitória Antares
Volante Atlético Clube;Volante Atlético Clube
Voluntários da Pátria Football Club;Voluntários da Pátria Football Club
XV de Araruama Futebol e Regatas;XV de Araruama Futebol e Regatas
Yamada Clube de Belém;Yamada Clube de Belém
Ypiranga Esporte Clube;Ypiranga Esporte Clube
Ypiranga Football Club;Ypiranga Football Club
Ypiranga Futebol Clube (Niterói);Ypiranga Football Club (Niterói)
Ypiranga Futebol Clube (Macaé);Ypiranga Futebol Clube (Macaé)
Águia Futebol S/S Ltda.;Águia Futebol S/S Ltda.
Vasco da Gama Patriotas;Vasco Almirantes
Tubarão Futebol Clube;Tubarão Futebol Clube
Tupã Futebol Clube;Tupã Futebol Clube
Tupy Futebol Clube;Tupi Futebol Clube
Tupynambás Futebol Clube;Tupynambás Futebol Clube
Unibol Pernambuco Futebol Clube;Unibol Futebol Clube
União Central Futebol Clube;União Central Futebol Clube
União de Marechal Hermes Futebol Clube;União de Marechal Hermes Futebol Clube
União Frederiquense de Futebol;União Frederiquense de Futebol
União Futebol Clube;União Futebol Clube (São Paulo)
União Recreativa dos Trabalhadores;União Recreativa dos Trabalhadores
União Suzano Atlético Clube;União Suzano Atlético Clube
Valeriodoce Esporte Clube;Valeriodoce Esporte Clube
Vasco Esporte Clube;Vasco Esporte Clube
Vera Cruz Futebol Clube (Vitória de Santo Antão);Vera Cruz Futebol Clube (Vitória de Santo Antão)
Vila Isabel Futebol Clube;Vila Isabel Futebol Clube
Villa Rio Esporte Clube;Villa Rio Esporte Clube
Votoraty Futebol Clube;Votoraty Futebol Clube
Yale Atlético Clube;Yale Atlético Clube
Zumbi Esporte Clube;Zumbi Esporte Clube
Americano Football Club;Americano Football Club
Bonsucesso Futebol Clube;Bonsucesso Futebol Clube
Sport Club Atibaia;Lemense Futebol Clube
Sport Club Barueri;Sport Club Barueri
Sport Club Belém;Sport Club Belém
Sport Club Flamengo;Sport Club Flamengo
Sport Club Gararu;Sport Club Gararu
Sport Club Guaraí;Sport Club Guaraí
Sport Club Guarany;Sport Club Guarany
Sport Club Maguary;Sport Club Maguary
Sport Club Gaúcho;Sport Clube Gaúcho
Sport Clube Santo Antônio;Sport Clube Santo Antônio
Sport Clube Shallon;Sport Clube Shallon
São Domingos Futebol Clube;São Domingos Futebol Clube
São Gabriel Futebol Clube;São Gabriel Futebol Clube
São Vicente Atlético Clube;São Vicente Atlético Clube
Tanabi Esporte Clube;Tanabi Esporte Clube
Tangará Esporte Clube;Tangará Esporte Clube
Teresópolis Futebol Clube;Teresópolis Futebol Clube
Timbaúba Futebol Clube;Timbaúba Futebol Clube
Tocantinópolis Esporte Clube;Tocantinópolis Esporte Clube
Tocantins Esporte Clube;Tocantins Esporte Clube
Tocantins Esporte Clube (Maranhão);Tocantins Esporte Clube (Maranhão)
Toledo Colônia Work;Toledo Esporte Clube
Tomazinho Futebol Clube;Tomazinho Futebol Clube
Torre Sport Club;Torre Sport Club
Três Passos Atlético Clube;Três Passos Atlético Clube
Sumaré Atlético Clube;Sumaré Atlético Clube
Grêmio Santanense;Grêmio Foot-Ball Santanense
Sport Club Americano (Porto Alegre);Sport Club Americano (Porto Alegre)
Clube Atlético Lemense;Clube Atlético Lemense
Caxias Futebol Clube;Caxias Futebol Clube
Atlético Clube Izabelense;Atlético Clube Izabelense
Esporte Clube Taveirópolis;Esporte Clube Taveirópolis
Nacional Atlético Clube Sociedade Civil;Nacional Atlético Clube (Paraná)
Olímpia Futebol Clube;Olímpia Futebol Clube
Guajará Esporte Clube;Guajará Esporte Clube
Estudantes Sport Club;Estudantes Sport Club
Associação Desportiva Guarulhos;Associação Desportiva Guarulhos
União Bandeirante Futebol Clube;União Bandeirante Futebol Clube
Esporte Clube Cruzeiro (Arapiraca);Esporte Clube Cruzeiro (Alagoas)
Intercap Esporte Clube;Paraíso Esporte Clube
Sociedade Esportiva de Picos;Sociedade Esportiva de Picos
Mazagão Atlético Clube;Mazagão Atlético Clube
Nilópolis Futebol Clube;Nilópolis Futebol Clube
Serrano Futebol Clube;Serrano Futebol Clube
Holanda Esporte Clube;Holanda Esporte Clube
Esporte Clube Passo Fundo;Esporte Clube Passo Fundo
Duquecaxiense Futebol Clube;Duque Caxiense Futebol Clube
Sport Club Corinthians Paulista B;Sport Club Corinthians Paulista B
Barbalha Futebol Clube;Barbalha Futebol Clube
Imperial Futebol Clube;Imperial Futebol Clube
Legião Futebol Clube;Legião Futebol Clube
Poços de Caldas Futebol Clube;Poços de Caldas Futebol Clube
São José de Ribamar Esporte Clube;São José de Ribamar Esporte Clube
Sociedade Desportiva Juazeirense;Sociedade Desportiva Juazeirense
Acriano Futebol Clube;Acriano Futebol Clube
Adolfo Konder Futebol Clube;Adolfo Konder Futebol Clube
Afogadense Futebol Clube;Afogadense Futebol Clube
Agroceres Futebol Clube;Agroceres Futebol Clube
Alto Santo Esporte Clube;Alto Santo Esporte Clube
Amapá Futebol Clube;Amapá Futebol Clube
Amax Esporte Clube;Amax Esporte Clube
Amparo Athlético Club;Amparo Athlético Club
Andarahy Athletico Club;Andarahy Athletico Club
Antarctica Futebol Clube;Antarctica Futebol Clube
Aracaju Futebol Clube;Aracaju Futebol Clube
Araguari Atlético Clube;Araguari Atlético Clube
Asas Futebol Clube;Asas Futebol Clube
Associação Athletica Internacional;Associação Athletica Internacional
Associação Atlética Barra Bonita;Associação Atlética Barra Bonita
Associação Atlética Campo Limpo Paulista;Associação Atlética Campo Limpo Paulista
Associação Atlética Campos Elíseos;Associação Atlética Campos Elíseos
Associação Atlética Central Brasileira;Associação Atlética Central Brasileira
Associação Atlética Colúmbia;Associação Atlética Colúmbia
Associação Atlética Comercial (Cascavel);Associação Atlética Comercial (Cascavel)
Associação Atlética da Universidade Nilton Lins;Associação Atlética da Universidade Nilton Lins
Associação Atlética Goiatuba;Associação Atlética Goiatuba
Associação Atlética Guairense;Associação Atlética Guairense
Associação Atlética Ordem e Progresso;Associação Atlética Ordem e Progresso
Associação Atlética Paraisense;Associação Atlética Paraisense
Associação Atlética Teixeira de Freitas;Associação Atlética Portela Teixeira de Freitas
Associação Atlética Portofelicense;Associação Atlética Portofelicense
Associação Atlética São Bento (Marília);Associação Atlética São Bento (Marília)
Associação Atlética São Bento (São Caetano do Sul);Associação Atlética São Bento (São Caetano do Sul)
Associação Atlética Santa Cruz;Associação Atlética Santa Cruz
Associação Atlética Serra;Associação Atlética Serra
Associação Caçadorense de Desportos;Associação Caçadorense de Desportos
Associação Carazinhense de Futebol;Associação Carazinhense de Futebol
Associação Desportiva Araraquara;Associação Desportiva Araraquara
Associação Desportiva Arsenal de Caridade;Associação Desportiva Arsenal do Ceará
Associação Desportiva Classista Rigesa;Associação Desportiva Classista Rigesa
Associação Desportiva Iguatu;Associação Desportiva Iguatu
Associação Desportiva Jaguariúna;Jaguariúna Futebol Clube
Copacabana Titãs;Copacabana Titãs
Corinthians Futebol Clube;Corinthians Futebol Clube
Corinthians Jundiaiense Foot-Ball Club;Corinthians Jundiaiense Foot-Ball Club
Coroatá Futebol Clube;Coroatá Futebol Clube
Cosmos Social Clube;Cosmos Social Clube
Cotia Futebol Clube;Cotia Futebol Clube
Curitiba Brown Spiders;Brown Spiders Futebol Americano
Cáceres Esporte Clube;Cáceres Esporte Clube
Cristalina Atlético Clube;Cristalina Atlético Clube
Cruzeiro Esporte Clube (Paraíba);Cruzeiro Esporte Clube (Paraíba)
Cruzeiro Futebol Clube (Distrito Federal);Cruzeiro Futebol Clube (Distrito Federal)
Cruzeiro Futebol Clube (São Paulo);Cruzeiro Futebol Clube (São Paulo)
Curitiba Predadores;Curitiba Predadores
Departamento de Estradas de Rodagem Atlético Clube;Departamento de Estradas de Rodagem Atlético Clube
Destilaria Esporte Clube;Destilaria Esporte Clube
Curitiba Hurricanes;Paraná HP
Club Athletico Cornélio Procópio;Club Athletico Cornélio Procópio
Dorense Futebol Clube;Dorense Futebol Clube
Dracena Futebol Clube;Dracena Futebol Clube
Duartina Futebol Clube;Duartina Futebol Clube
Duque de Caxias Foot-Ball Club;Duque de Caxias Foot-Ball Club
Elite Clube Desportivo;Elite Clube Desportivo
Energia Circular Sport Clube;Energia Circular Sport Clube
Equador Futebol Clube;Equador Football Club
Esperança Futebol Clube;Esperança Futebol Clube
Esporte Clube 21 de Abril;Esporte Clube 21 de Abril
E.C. Aranãs;Esporte Clube Aranãs
Esporte Clube ASA da Amazônia;Esporte Clube ASA da Amazônia
Esporte Clube Biguaçu;Esporte Clube Biguaçu
Esporte Clube Cascatinha;Esporte Clube Cascatinha
Esporte Clube Corinthians de Votorantim;Esporte Clube Corinthians de Votorantim
Esporte Clube Corintians;Esporte Clube Corintians
Esporte Clube Corintians (Casa Branca);Esporte Clube Corintians (Casa Branca)
Esporte Clube Estrela;Esporte Clube Estrela
Esporte Clube Estrela de Março;Esporte Clube Estrela de Março
Esporte Clube Falcão;Esporte Clube Falcão
Esporte Clube Gazeta;Esporte Clube Gazeta
Esporte Clube Golfinho;Esporte Clube Golfinho
Esporte Clube Hepacaré;Esporte Clube Hepacaré
Betim Futebol Clube;Betim Futebol Clube
Bonitto Atlético Clube;Bonitto Atlético Clube
Botafogo Futebol Clube (Porto Velho);Botafogo Futebol Clube (Porto Velho)
Brasil Industrial Esporte Clube;Brasil Industrial Esporte Clube
Cachoeira Futebol Clube;Cachoeira Futebol Clube
Carapebus Esporte Clube;Carapebus Esporte Clube
Carpina Sport Club;Carpina Sport Club
Carpinense Esporte Clube;Carpinense Esporte Clube
Centro Esportivo Academia do Gol;Centro Esportivo Academia do Gol
Centro Esportivo União;Centro Esportivo União
Chã Grande Futebol Clube;Chã Grande Futebol Clube
Club Athletico Sorocabano;Club Athletico Sorocabano
Club Vasco da Gama;Club Vasco da Gama
Clube Atlético Babaçu;Clube Atlético Bacabal
Clube Atlético Comercial;Clube Atlético Comercial
Clube Atlético Embu-Guaçu;Clube Atlético Embu-Guaçu
Clube Atlético Itapemirim;Clube Atlético Itapemirim
Clube Atlético Parque da Moóca;Clube Atlético Parque da Mooca
Clube Atlético Paulistano (São Roque);Clube Atlético Paulistano (São Roque)
Clube Atlético Potengi;Clube Atlético Potengi
Clube Atlético Santista;Clube Atlético Santista
Clube de Campo Associação Atlética Guapira;Clube de Campo Associação Atlética Guapira
Clube de Futebol Rio de Janeiro;Clube de Futebol Rio de Janeiro
Clube Esportivo Guaicurus;Clube Esportivo Guaicurus
Clube Esportivo Nova Andradina;Clube Esportivo Nova Andradina
Clube São João;Clube São João
Clube dos Trinta (Tocantins);Clube dos Trinta (Tocantins)
Colégio Futebol Clube;Colégio Futebol Clube
Comercial Esporte Clube (Três Lagoas);Comercial Esporte Clube (Três Lagoas)
Comercial Futebol Clube;Comercial Futebol Clube (São Paulo)
Esprof Atlético de Futebol e Clube;Cabo Frio Esporte Clube
Esporte Clube Água Verde;Esporte Clube Água Verde
Esporte Clube Palmeirense (Rio Grande do Sul);Esporte Clube Palmeirense (Rio Grande do Sul)
Esporte Clube Palmeirense (São Paulo);Esporte Clube Palmeirense (São Paulo)
Esporte Clube Produtos Cachoeira;Esporte Clube Produtos Cachoeira
Esporte Clube Recreativo Ferroviário;Esporte Clube Recreativo Ferroviário
Esporte Clube Renascença;Esporte Clube Renascença
Esporte Clube Resende;Esporte Clube Resende
Esporte Clube Ribeiro Junqueira;Esporte Clube Ribeiro Junqueira
Esporte Clube Rio Branco;Esporte Clube Rio Branco
Esporte Clube Rio Pardo;Esporte Clube Rio Pardo
Esporte Clube Rio São Paulo;Esporte Clube Rio São Paulo
Esporte Clube São Bernardo;Esporte Clube São Bernardo
Esporte Clube São José (Rio de Janeiro);Esporte Clube São José (Rio de Janeiro)
Esporte Clube São José (São José do Rio Claro);Esporte Clube São José (São José do Rio Claro)
Esporte Clube Taquaral;Esporte Clube Taquaral
Esporte Clube Tarumã;Esporte Clube Tarumã
Esporte Clube Vila São Luiz;Esporte Clube Vila São Luiz
Estrada de Ferro Sorocabana Futebol Clube;Estrada de Ferro Sorocabana Futebol Clube
Estrela da Bela Vista Esporte Clube;Estrela da Bela Vista Esporte Clube
Estrela da Saúde Futebol Clube;Estrela da Saúde Futebol Clube
Estrela da Serra Futebol Clube;Estrela da Serra Futebol Clube
Estrela do Mar Esporte Clube;Estrela do Mar Esporte Clube
Estrela do Mar Foot-Ball Club;Estrela do Mar Foot-Ball Club
Estrela do Norte Esporte Clube;Estrela do Norte Esporte Clube
Estrela Esporte Clube;Estrela Esporte Clube
Estrela Futebol Clube (Rio Grande do Sul);Estrela Futebol Clube (Rio Grande do Sul)
Eusébio Esporte Clube;Eusébio Esporte Clube
Expressinho Futebol Clube;Expressinho Futebol Clube
Expresso São Carlos Esporte Clube;Expresso São Carlos Esporte Clube
Externato Futebol Clube;Externato Futebol Clube
Fada Futebol Clube;Fada Futebol Clube
Federação Catarinense de Clubes de Futebol 7 Society;Federação Catarinense de Clubes de Futebol 7 Society
Ferroviário Esporte Clube do Cabo;Ferroviário Esporte Clube do Cabo
Figueirense Esporte Clube;Figueirense Esporte Clube
Francisco Ferro Sport Futebol Club;FF Sport Nova Cruz
Flamengo Futebol Clube (Americana);Flamengo Futebol Clube (Americana)
Flamengo Futebol Clube (Pirajuí);Flamengo Futebol Clube (Pirajuí)
Floresta Esporte Clube;Floresta Esporte Clube
Floresta Futebol Clube;Floresta Futebol Clube
Fluminense Atlético Clube (Niterói);Fluminense Atlético Clube (Niterói)
Fluminense Esporte Clube;Fluminense Esporte Clube
Fluminense Futebol Clube (Santana do Livramento);Fluminense Futebol Clube (Santana do Livramento)
Football Club Rio-Grandense;Football Club Riograndense
Força Esporte Clube;Força Esporte Clube
Fortaleza Clube;Fortaleza Clube
Frigorífico Atlético Clube;Frigorífico Atlético Clube
Fussball Club Porto Alegre;Fussball Club Porto Alegre
Fussball Mannschaft Frisch Auf;Fussball Mannschaft Frisch Auf
Futebol Clube Rio Pardo;Futebol Clube Rio Pardo
Galvez Esporte Clube;Galvez Esporte Clube
Garça Futebol Clube;Garça Futebol Clube
Ginásio Pinhalense de Esportes Atléticos;Ginásio Pinhalense de Esportes Atléticos
Ginásio São João;Ginásio São João
Glória de Dourados Esporte Clube;Glória de Dourados Esporte Clube
Grêmio Atlético Guarany;Grêmio Atlético Guarany
Grêmio Desportivo Prudente;Grêmio Desportivo Prudente
Grêmio Esportivo Acreano;Grêmio Esportivo Acreano
Grêmio Esportivo Fábrica da Estrela;Grêmio Esportivo Fábrica da Estrela
Grêmio Esportivo Força e Luz;Grêmio Esportivo Força e Luz
Associação Desportiva Picuiense;Associação Desportiva Picuiense
Caicó Esporte Clube;Caicó Esporte Clube
Grêmio Esportivo e Recreativo 14 de Julho;Grêmio Esportivo e Recreativo 14 de Julho
Grêmio Esportivo Guaçuano;Grêmio Esportivo Guaçuano
Grêmio Esportivo Km 49;Grêmio Esportivo Km 49
Grêmio Esportivo Laranjeiras;Grêmio Esportivo Laranjeiras
Grêmio Esportivo São José;Grêmio Esportivo São José
Grêmio Esportivo Torrense;Grêmio Esportivo Torrense
Grêmio Mangaratibense;Grêmio Mangaratibense
Grêmio Novorizontino;Grêmio Novorizontino
Grêmio Olímpico Mangaratiba;Grêmio Olímpico Mangaratiba
Grêmio Recreativo e Esportivo;Grêmio Recreativo e Esportivo
Grêmio Recreativo Esportivo Campo Largo;Grêmio Recreativo Esportivo Campo Largo
Grêmio Recreativo Serrano;Grêmio Recreativo Serrano
Guarani Sport Club;Guarani Esporte Clube (Paraná)
Guarani Futebol Clube (Alegrete);Guarani Futebol Clube (Alegrete)
Guarani Saltense Atlético Clube;Guarani Saltense Atlético Clube
Guarany Foot-Ball Club (Belo Horizonte);Guarany Foot-Ball Club (Belo Horizonte)
Guarany Foot-Ball Club;Guarany Foot-Ball Club (Fortaleza)
Heliópolis Atlético Clube;Heliópolis Atlético Clube
Guarulhos Rhynos;Lions Futebol Americano
Oriente Atlético Clube;Oriente Atlético Clube
Três Rios Futebol Clube;Três Rios Futebol Clube
Grêmio Recreativo Unidos do Alvorada;Unidos do Alvorada Esporte Clube
Humaitá Sport Club;Humaitá Sport Club
Icasa Esporte Clube;Icasa Esporte Clube
Ideal Club;Ideal Club
Ideal Esporte Clube;Ideal Esporte Clube
Igarapava Esporte Clube;Igarapava Esporte Clube
Imagine Futebol Clube Ltda.;Imagine Futebol Clube Ltda.
Império Toledo de Futebol;Império Toledo de Futebol
Imperial Futebol Clube Paciência;Imperial Futebol Clube Paciência
Independência Esporte Clube (Osasco);Independência Esporte Clube (Osasco)
Independente Esporte Clube (São Paulo);Independente Esporte Clube (São Paulo)
Industrial Futebol Clube;Industrial Futebol Clube
Inhumas Esporte Clube;Inhumas Esporte Clube
Inove Esporte Clube;Inove Esporte Clube
Intercontinental Futebol Clube do Recife;Intercontinental Futebol Clube do Recife
Internacional Futebol Clube (Rio de Janeiro);Internacional Futebol Clube (Rio de Janeiro)
Internacional Sport Club;Internacional Sport Club
Internato Futebol Clube;Internato Futebol Clube
Ipanema Tatuís;Ipanema Tatuís
Ipiranga de Aliança Esporte Clube;Ipiranga de Aliança Esporte Clube
Ipojuca Atlético Clube;Ipojuca Atlético Clube
Ipojuca Futebol Clube;Ipojuca Futebol Clube
Iporá Esporte Clube;Iporá Esporte Clube
Irajá Atlético Clube;Irajá Atlético Clube
Itaboraí Futebol Clube;Itaboraí Futebol Clube
Itaboraí Profute Futebol Clube;Itaboraí Profute Futebol Clube
Itapeba Atlético Clube;Itapeba Atlético Clube
Itaquaquecetuba Atlético Clube;Itaquaquecetuba Atlético Clube
Itatiba Esporte Clube;Itatiba Esporte Clube
Ivinhema Esporte Clube;Ivinhema Esporte Clube
Jaciobá Atlético Clube;Jaciobá Atlético Clube
Japeri Esporte Clube;Japeri Esporte Clube
Jaraguá Esporte Clube;Jaraguá Esporte Clube
Jardim Sport Clube;Jardim Sport Clube
Jequiá Iate Clube;Jequiá Iate Clube
Itapevi Futebol Clube;Sharjah Brasil Futebol Clube
Sport Club Internacional;Sport Club Internacional (futsal)
Joaçaba Atlético Clube;Joaçaba Atlético Clube
Joinville Gladiators;Joinville Gladiators
José Bonifácio Esporte Clube;José Bonifácio Esporte Clube
José de Alencar Foot-Ball Club;José de Alencar Foot-Ball Club
Kaiserburg Futebol Clube;Kaiserburg Futebol Clube
Lagarto Esporte Clube;Lagarto Esporte Clube
Lagoa Esporte Clube;Lagoa Esporte Clube
Lavras Futebol Clube;Lavras Futebol Clube
Leão de São Marcos Esporte Clube;Leão de São Marcos Esporte Clube
Leme Futebol Clube Zona Sul;Leme Futebol Clube Zona Sul
Liga Sãocarlense de Futebol;Liga Sãocarlense de Futebol
Luís Correia Esporte Clube;Luís Correia Sport Clube
Luso Sporting Club;Luso Sporting Club
Luziânia Futebol Clube;Luziânia Futebol Clube
Macambira Futebol Clube;Macambira Futebol Clube
Madre de Deus Sport Clube;Madre de Deus Sport Clube
Madrugada Esporte Clube;Madrugada Esporte Clube
Maranguape Sport Club;Maranguape Sport Club
Maringá Esporte Iguatemi;Maringá Esporte Iguatemi
Mato Grosso Esporte Clube;Mato Grosso Esporte Clube
Mil Réis Futebol Clube;Mil Réis Futebol Clube
Minas Futebol Brasil;Minas Boca Futebol
Minister Clube;Minister Clube
Miracema Esporte Clube;Miracema Esporte Clube
Mirandópolis Esporte Clube;Mirandópolis Esporte Clube
Instituto Lusitânia Sport Club;Instituto Lusitânia Sport Club
Itaú Esporte Clube;Itaú Esporte Clube
Projeto Karanba de Futebol;Projeto Karanba de Futebol
Trio Futebol Clube;Trio Futebol Clube
Afogados da Ingazeira Futebol Clube;Afogados da Ingazeira Futebol Clube
Clube Atlético da Barra da Tijuca;Clube Atlético da Barra da Tijuca
Clube Atlético Estudantes de São Paulo;Clube Atlético Estudantes de São Paulo
Clube Atlético São José;Clube Atlético Riopretano
Clube de Futebol São José;Clube de Futebol São José
Clube de Regatas Icaraí;Clube de Regatas Icaraí
Clube Esportivo Mauá;Clube Esportivo Mauá
Clube Nacional Borbense;Clube Nacional Borbense
Lucena Sport Clube;São Paulo Crystal Futebol Clube
Campos Atlético Associação;Campos Atlético Associação
Globo Futebol Clube;Globo Futebol Clube
Grêmio Esportivo Quintino Bocaiuva;Grêmio Esportivo Quintino Bocaiuva
Guarani Futebol Clube;Guarani Futebol Clube (Pouso Alegre)
Paraíso Futebol Clube;Paraíso Futebol Clube
Atlético Sul América Clube;Atlético Sul América Clube
Byron Football Club;Byron Football Club
Tapajós Futebol Clube;Tapajós Futebol Clube
Esporte Clube Iguaçu;Esporte Clube Iguaçu
Esporte Clube Jardim;Esporte Clube Jardim
Esporte Clube Lageado;Esporte Clube Lageado
Esporte Clube Lemense;Esporte Clube Lemense
Esporte Clube Limoeiro;Esporte Clube Limoeiro
Esporte Clube Maricá;Esporte Clube Maricá
Esporte Clube Marinho;Esporte Clube Marinho
Esporte Clube Miguel Couto;Esporte Clube Miguel Couto
Esporte Clube Miranorte;Esporte Clube Miranorte
Esporte Clube Mogiana;Esporte Clube Mogiana
Esporte Clube Mogiana (Ribeirão Preto);Esporte Clube Mogiana (Ribeirão Preto)
Esporte Clube Mundo Novo;Esporte Clube Mundo Novo
Aliança Futebol Clube;Aliança Futebol Clube
Alfenense Futebol Clube;Alfenense Futebol Clube
Associação Atlética Asas;Associação Atlética Asas
Associação Atlética Cambaraense;Associação Atlética Cambaraense
Associação Atlética Cassimiro de Abreu;Associação Atlética Cassimiro de Abreu
Associação Atlética Juventus Minasnovense;Associação Atlética Juventus Minasnovense
Associação Desportiva Itaboraí;Associação Desportiva Itaboraí
Centro Esportivo Arraial do Cabo;Centro Esportivo Arraial do Cabo
Barra da Tijuca Futebol Clube;Barra da Tijuca Futebol Clube
Botafogo Futebol Clube;Botafogo Futebol Clube (Macaé)
Sociedade Esportiva Ceilandense;Sociedade Esportiva Ceilandense
Associação Atlética República;Associação Atlética República
Centro Esportivo Social Arturzinho;Centro Esportivo Social Arturzinho
Leões da Geolândia;Leões da Geolândia
Operário Futebol Clube de Presidente Prudente;Operário Futebol Clube (Presidente Prudente)
Sport Club Rio de Janeiro;Sport Club Rio de Janeiro
Sociedade Esportiva e Recreativa Operários Mafrenses;Clube Atlético Operário (Mafra)
Sociedade Esportiva e Cultural Terra e Mar Clube;Sociedade Esportiva e Cultural Terra e Mar Clube
Sociedade Esportiva Matonense;Sociedade Esportiva Matonense
Sociedade Esportiva Palmeirinha;Sociedade Esportiva Palmeirinha
Sociedade Esportiva Recreativa e Cultural Brasil;Sociedade Esportiva Recreativa e Cultural Brasil
Sociedade Esportiva União Cacoalense;Sociedade Esportiva União Cacoalense
Sociedade Esportiva Veneciano;Sociedade Esportiva Veneciano
Sousa Esporte Clube;Sousa Esporte Clube
Associação Desportiva Jaruense;Associação Desportiva Jaruense
Associação Desportiva Pitu;Associação Desportiva Pitu
Associação Desportiva São Benedito;Associação Desportiva São Benedito
Associação Desportiva Tauá;Associação Desportiva Tauá
Associação Desportiva Unitri;Associação Desportiva Uberlandense
Associação dos Desportistas de Pacatuba;Associação dos Desportistas de Pacatuba
Associação Esportiva Evangélica;Associação Esportiva Evangélica
Associação Esportiva Ilha Solteira;Associação Esportiva Ilha Solteira
Associação Esportiva Internacional;Associação Esportiva Internacional
Associação Esportiva Jacarezinho;Associação Esportiva Jacarezinho
Associação Esportiva Sapiranga;Associação Esportiva Sapiranga
Associação Garanhuense de Atletismo;Associação Garanhuense de Atletismo
Associação Pontagrossense de Desportos;Associação Pontagrossense de Desportos
Associação Prudentina de Esportes Atléticos;Associação Prudentina de Esportes Atléticos
Athletic Club;Athletic Club (Minas Gerais)
Atlético Esportivo Araçatuba;Andradina Esporte Clube
Atlético Clube Apollo;Atlético Clube Apollo
Atlético Clube Diana;Atlético Clube Diana
Atlético Clube Três Corações;Atlético Clube Três Corações
Açailândia Futebol Clube;Açailândia Futebol Clube
Balsas Esporte Clube;Balsas Esporte Clube
Bangu Athletic Club;Bangu Athletic Club
Barcelona Esportivo Capela;Barcelona Esportivo Capela
Barreiras Esporte Clube;Barreiras Esporte Clube
Bela Vista Futebol Clube (Sete Lagoas);Bela Vista Futebol Clube (Minas Gerais)
Belford Roxo Futebol Clube;Belford Roxo Futebol Clube
Clube Atlético Catarinense (São José);Clube Atlético Catarinense (Criciúma)
Guanabara City Futebol Clube;Guanabara City Futebol Clube
Cruzeiro Esporte Clube;Cruzeiro Esporte Clube (futebol feminino)
Associação Atlética Asa Norte;Associação Atlética Asa Norte
Associação Atlética Candango;Associação Atlética Candango
Associação Desportiva do Hospital dos Servidores da União;Associação Desportiva do Hospital dos Servidores da União
Associação dos Economiários de Brasília Futebol Clube;Associação dos Economiários de Brasília Futebol Clube
Atlético Amazonense;Atlético Amazonense
Bangu Atlético Clube;Bangu Atlético Clube (Distrito Federal)
Barcelona Futebol Clube;Barcelona Futebol Clube
Cariri Football Club;Cariri Football Club
Sociedade Esportiva Belford Roxo;Categoria:Sociedade Esportiva Belford Roxo
Clube Atlético de Brasília;Clube Atlético de Brasília
Clube da Saúde;Clube da Saúde
Clube dos Cariocas;Clube dos Cariocas
Crateús Atlético Clube;Crateús Atlético Clube
Democrático Esporte Clube;Democrático Esporte Clube
Departamento de Águas e Esgotos Esporte Clube;Departamento de Águas e Esgotos Esporte Clube
Dourados Atlético Clube;Dourados Atlético Clube
Esporte Clube Atlético Batistense;Esporte Clube Atlético Batistense
Esporte Clube Dom Pedro;Esporte Clube Dom Pedro
Esporte Clube Guanabara;Esporte Clube Guanabara
Flama Atlético Clube;Flama Atlético Clube
Flamengo Atlético Clube;Flamengo Atlético Clube
Futebol da Associação Recreativa Cultural Unidos do Cruzeiro;Futebol da Associação Recreativa Cultural Unidos do Cruzeiro
High Life Club;High Life Club
Império Serrano Esporte Clube;Império Serrano Esporte Clube
Irmãos Goulart Futebol Clube;Irmãos Goulart Futebol Clube
Juventude Atlético Clube;Juventude Atlético Clube
Pratão Futebol Clube;Pratão Futebol Clube
Racisa Esporte Clube;Racisa Esporte Clube
Telenáutico Futebol Clube;Telenáutico Futebol Clube
Três Lagoas Sport Club;Três Lagoas Sport Club
Sporting Fonte Nova;Urumajó Futebol Clube
Vila Esporte Clube;Vila Esporte Clube
Vila Planalto Futebol Clube;Vila Planalto Futebol Clube
Wagner Refrigeração Esporte Clube;Wagner Refrigeração Esporte Clube
Sociedade Esportiva e Recreativa Cruz Alta;Sociedade Esportiva e Recreativa Cruz Alta
Arsenal Esporte Clube;Arsenal Esporte Clube
Associação Atlética Orleans;Associação Atlética Orleans
Associação Esportiva 3B da Amazônia;Associação Esportiva 3B da Amazônia
Associação Taquarussú Esporte Clube;Associação Taquarussu Esporte Clube
Neves Atlético Clube;Neves Atlético Clube
Realengo Futebol Clube;Realengo Futebol Clube
AABEC;AABEC
AFAGU Russas;AFAGU Russas
Associação Menina Olímpica;Associação Menina Olímpica
Clube de Regatas do Flamengo;Clube de Regatas do Flamengo (Volta Redonda)
Jaqueirense Sport Club;Jaqueirense Sport Club
Porto Velho Esporte Clube;Porto Velho Esporte Clube
Sam Christovam Sport Club;Sam Christovam Sport Club
UNIRB Futebol Clube;UNIRB Futebol Clube
Vila Esporte Clube;Vila Esporte Clube (Formiga)
Canaã Esporte Clube;Canaã Esporte Clube
Azuriz Futebol Clube;Azuriz Futebol Clube
Campinas Esporte Clube;Campinas Esporte Clube (Mato Grosso)
Caramuru Esporte Clube;Caramuru Esporte Clube
Cianorte Associação Física Educativa;Cianorte Associação Física Educativa
Esporte Clube Maceió;Esporte Clube Maceió
Garça Atlético Clube;Garça Atlético Clube
Guarany Futebol Clube;Guarany Futebol Clube (Maceió)
Internacional Esporte Clube;Internacional Esporte Clube (São Paulo)
Moto Esporte Clube;Moto Esporte Clube (Mato Grosso)
Nova Mutum Esporte Clube;Nova Mutum Esporte Clube
Racing Club Amazonense;Racing Club Amazonense
São Paulo Futebol Clube;São Paulo Futebol Clube (futebol feminino)
Sociedade Esportiva e Recreativa Arapongas;Sociedade Esportiva e Recreativa Arapongas
Socorro Sport Club;Socorro Sport Club
Sport Club Luso Brasileiro;Sport Club Luso-Brasileiro (Pará)
Sporth Clube Corinthians;Sporth Clube Corinthians
Yole Club do Pará;Yole Club do Pará
Associação Athletica Collegio Latino-Americano;Associação Athletica Collegio Latino-Americano
Associação Desportiva Taguatinga;Associação Desportiva Taguatinga
Betim Futebol;Betim Futebol
Brasília Templários;Brasília Templários
Club de Regatas Vasco da Gama;Club de Regatas Vasco da Gama (futebol feminino)
Erechim Coroados;Erechim Coroados
Esporte Clube Real de Brasília;Esporte Clube Real de Brasília
Guaporé Futebol Clube;Guaporé Futebol Clube
Retrô Futebol Clube Brasil;Retrô Futebol Clube Brasil
Ribeirão Preto Challengers;Ribeirão Preto Challengers
Sorriso Hornets;Sorriso Hornets
XV de Novembro Esporte Clube;XV de Novembro Esporte Clube
Grêmio Recreativo Esportivo Maderit;Grêmio Recreativo Esportivo Madeirit
Barreto Football Club;Barreto Football Club
Campinas Futebol Clube;Campinas Futebol Clube
Clube Esportivo Operário Várzea-Grandense;Clube Esportivo Operário Várzea-Grandense
Sociedade Esportiva Naviraiense;Sociedade Esportiva Naviraiense
Academia Futebol Clube;Academia Futebol Clube
Altamira Esporte Clube;Altamira Esporte Clube
Associação Beneficente e Esportiva Catalana e Ouvidorense;Associação Beneficente e Esportiva Catalana e Ouvidorense
Associação Desportiva Internacional de Minas;Associação Desportiva Internacional de Minas
Betis Futebol Clube;Betis Futebol Clube
Embuguaçuano Esporte Clube;Embuguaçuano Esporte Clube
Esporte Clube Santarém;Esporte Clube Santarém
Euterpe Football Club;Euterpe Football Club
Futebol Clube Verê;Futebol Clube Verê
Independente Futebol Clube;Independente Futebol Clube (Mogi Guaçu)
Pacajus Esporte Clube;Pacajus Esporte Clube
Paraense Sport Club;Paraense Sport Club
Real Sport Club;Real Sport Club (Tramandaí)
Sport Club Agrimaq Pilarense;Sport Club Agrimaq Pilarense
Esporte Clube Atlético Carioca;Esporte Clube Atlético Carioca
Catanduva Futebol Clube;Catanduva Futebol Clube
Clube Desportivo Futebol Universidade de Brasília;Clube Desportivo Futebol Universidade de Brasília
Vilhenense Esportivo Clube;Vilhenense Esportivo Clube
Oceano Football Club;Oceano Football Club
Grêmio Foot-Ball Porto Alegrense (futebol feminino);Grêmio Foot-Ball Porto Alegrense (futebol feminino)
Sociedade Esportiva Palmeiras;Sociedade Esportiva Palmeiras (futebol feminino)
Rolândia Esporte Clube;Samas Sport Club
Associação Atlética Escola Superior Madre Celeste;Associação Atlética Escola Superior Madre Celeste
Nova Venécia Futebol Clube;Nova Venécia Futebol Clube
Clube Sport Sinop;Clube Sport Sinop
Colorado Caieiras Futebol Clube;Colorado Caieiras Futebol Clube
Esporte Clube Cruzeiro;Esporte Clube Cruzeiro Arapiraca
Caruaru City Sport Club;Caruaru City Sport Club
Porto Vitória Futebol Clube;Porto Vitória Futebol Clube
Capitão Poço Esporte Clube;Capitão Poço Esporte Clube
Cerrado Esporte Clube;Cerrado Esporte Clube
ABD Futebol Clube;ABD Futebol Clube
Clube Atlético Mineiro;Clube Atlético Mineiro (futebol feminino)
Manauara Esporte Clube;Manauara Esporte Clube
Amazônia Independente Futebol Clube;Amazônia Independente Futebol Clube
Tuntum Esporte Clube;Tuntum Esporte Clube
Aruko Sports Brasil;Galo Maringá
Falcon Futebol Clube;Falcon Futebol Clube
SSA Futebol Clube;SSA Futebol Clube
Patriotas Futebol Clube;Patriotas Futebol Clube
Clube de Regatas do Flamengo (categorias de base);Categorias de base do Clube de Regatas do Flamengo
Guarabira Esporte Clube;Guarabira Esporte Clube
Fluminense Football Club (futebol feminino);Fluminense Football Club (futebol feminino)
Monsoon Futebol Clube;Monsoon Futebol Clube
Jacobinense Esporte Clube;Jacobinense Esporte Clube
Primavera Atlético Clube;Primavera Atlético Clube
Centro Oeste Futebol Clube;Centro Oeste Futebol Clube
Associação Desportiva Jaboatão dos Guararapes;Associação Desportiva Jaboatão dos Guararapes
Itabirito Futebol Clube;Itabirito Futebol Clube
Associação Esportiva VF4;Associação Esportiva VF4
Santo Antônio Esporte Clube;Santo Antônio Esporte Clube
Imperial Futebol Clube;Imperial Futebol Clube (Paraná)
Associação Atlética Itararé;Associação Atlética Itararé
Clube Esportivo Belmonte;Clube Esportivo Belmonte
Associação Deportiva Carmópolis;Associação Desportiva Carmópolis
Associação Atlética Portuguesa;Futebol Clube Pantanal
Zinzane Futebol Clube SAF;Zinzane Futebol Clube SAF
Batalhão Futebol Clube;Batalhão Futebol Clube
Clube Futebol com Vida SAF;Clube Futebol com Vida SAF
Monte Roraima Futebol Clube;Monte Roraima Futebol Clube
Clube Atlético Piauiense;Clube Atlético Piauiense
Associação Atlética de Altos;Associação Atlética de Altos
Real Desportivo Ariquemes Futebol Clube;Real Ariquemes Esporte Clube
Rondoniense Social Clube;Rondoniense Social Clube
Sport Clube Humaitá;Sport Clube Humaitá
Ponte Nova Futebol Clube;Valadares Esporte Clube
Clube Atlético Serranense;Clube Atlético Serranense
Rio Branco Esporte Clube;Rio Branco Esporte Clube (Roraima)
Guarani Futebol Club;Guarani Futebol Club
Henrique Lage Futebol Clube;Henrique Lage Futebol Clube
Associação Desportiva Frei Paulistano;Associação Desportiva Freipaulistano
Botafogo Associação Sergipana de Futebol;Botafogo Associação Sergipana de Futebol
CRESSPOM;CRESSPOM
Santa Cruz Futebol Clube;Santa Cruz Futebol Clube (Barra de São Miguel)
Sport Club Corinthians Paulista;Sport Club Corinthians Paulista (futebol feminino)
Grêmio Interlagos;Grêmio Interlagos (hóquei sobre grama e indoor)
Sport Clube Itupiranga;Sport Clube Itupiranga
Alto Camaragibe Esporte Clube;Alto Camaragibe Esporte Clube
Amazonas Futebol Clube;Amazonas Futebol Clube
Botafogo Futebol Clube;Botafogo Futebol Clube (Acre)
Esperança Futebol Clube;Esperança Futebol Clube (Nova Friburgo)
Alliança Football Club;Alliança Football Club
Nação Esportes;Nação Esportes
Associação Esportiva Flamengo;Associação Esportiva Flamengo
Vera Cruz Futebol Clube;Vera Cruz Futebol Clube (Angra dos Reis)
Grêmio Recreativo Pague Menos;Centro de Formação de Atletas do Tirol
Feira Futebol Clube;Feira Futebol Clube
Red Bull Bragantino (futebol feminino);Red Bull Bragantino (futebol feminino)
União Atlética Carmolandense;União Atlético Clube
